breed,
Domestic Shorthair,Black/White' 'Brown Tabby/White' 'White/Brown' 'Gray' 'Buff'
Chihuahua Shorthair,Orange Tabby' 'Brown' 'Blue Tabby' 'Brown Tabby' 'Black'
Raccoon,White/Orange Tabby' 'Blue/White' 'White/Blue' 'Red/White' 'Black/Gray'
Anatol Shepherd/Labrador Retriever,Torbie' 'Brown/Black' 'Lilac Point' 'Blue' 'Calico' 'Tricolor'
American Foxhound/Labrador Retriever,White/Tan' 'Chocolate' 'White' 'Brown/White' 'Brown Brindle/White'
Domestic Shorthair,Black/Brown' 'Tan/White' 'Chocolate/White' 'Red' 'Black/Tan'
Border Collie/Cardigan Welsh Corgi,White/White' 'Cream Tabby' 'Blue Tick/Black' 'White/Black' 'Fawn/Tan'
Domestic Medium Hair,Gray/Black' 'Tortie' 'Tan' 'White/Blue Tabby' 'Sable/Tan'
Pit Bull,Brown Brindle' 'Brown/Brown' 'Tan/Brown' 'Cream/Brown' 'Gray/White'
Labrador Retriever,Brown/Gray' 'Blue Tabby/White' 'Orange Tabby/White' 'Blue Merle'
Domestic Medium Hair,Brown Merle/White' 'Silver' 'Apricot' 'Apricot/Brown' 'Green'
Black Mouth Cur,Tortie Point' 'Tan/Black' 'Seal Point' 'Torbie/Brown Tabby'
Siamese,Lynx Point/White' 'Fawn/White' 'Blue Tick' 'Tricolor/White' 'White/Gray'
Opossum,Black/Tricolor' 'Chocolate/Tan' 'White/Brown Tabby'
Weimaraner/Labrador Retriever,White/Brown Brindle' 'Lynx Point' 'White/Buff' 'Cream' 'Blue/Tan'
Domestic Shorthair/Oriental Sh,Black Brindle/White' 'Sable' 'Yellow' 'Black/Yellow Brindle'
Yorkshire Terrier,Chocolate/Black' 'Black/Red' 'Cream/White' 'Blue/Brown Brindle'
Jack Russell Terrier/Chihuahua Shorthair,Yellow Brindle/White' 'Cream Tabby/White' 'Tan/Gray' 'Red/Buff'
Great Pyrenees,Chocolate Point' 'Blue Smoke' 'Black/Brown Brindle' 'Torbie/White'
Bat,Brown/Tan' 'Silver Tabby' 'Gray Tabby' 'White/Red' 'Sable/Cream'
Chihuahua Shorthair,Brown/Orange' 'Black Brindle' 'White/Tricolor' 'Sable/Black'
Australian Cattle Dog,Orange/White' 'Brown Brindle/Black' 'Brown Tiger/Brown'
Beagle,Seal Point/White' 'Brown Tabby/Black' 'Yellow Brindle' 'Black/Chocolate'
Labrador Retriever/Staffordshire,Gold/White' 'White/Cream Tabby' 'Red/Black' 'Buff/Black' 'Red/Tan'
Pit Bull,Buff/White' 'Flame Point' 'White/Orange' 'Black Tabby' 'Tricolor/Brown'
German Shepherd,Seal Point/Gray' 'Silver/Tan' 'Gray Tabby/White' 'Blue Merle/Brown'
Dogo Argentino,Brown/Tricolor' 'Black Tabby/White' 'Brown Tabby/Gold' 'Yellow/White'
Bat,White/Red Tick' 'Fawn' 'Brown Brindle/Brown' 'Cream/Black' 'Gray/Tortie'
Cairn Terrier,Sable/White' 'Gray/Tan' 'Black Smoke' 'Fawn/Black' 'Calico Point/Gray'
Border Collie,Black/Black' 'White/Lilac Point' 'Red/Cream' 'Blue Cream'
Collie Rough,White/Red Merle' 'Gray/Brown' 'Gold' 'Tortie/White' 'Green/Silver'
Rat Terrier,Brown/Red' 'Green/Gray' 'Tricolor/Tan' 'White/Cream'
Polish,Black Brindle/Brown' 'Gray/Blue Merle' 'White/Blue Merle'
Rat Terrier/Cardigan Welsh Corgi,White/Black Tabby' 'Silver Tabby/White' 'Black/Cream'
Doberman Pinsch,Brown/Brown Brindle' 'Brown/Fawn' 'Gray Tabby/Black' 'Green/Yellow'
Australian Cattle Dog,Brown Merle' 'Gold/Cream' 'Orange' 'Blue Merle/Tricolor'
American Bulldog,Tricolor/Blue Tick' 'Red Merle/White' 'Red Merle' 'Yellow/Yellow'
American Staffordshire Terrier,Blue Point/White' 'Sable/Brown' 'Black/Blue Tick' 'Black/Black Tabby'
Labrador Retriever,Chocolate/Tricolor' 'White/Gray Tabby' 'Calico/White' 'Blue/Tricolor'
Miniature Poodle,White/Chocolate' 'Tricolor/Black' 'Silver Lynx Point' 'Blue/Blue'
Dachshund/Chihuahua Shorthair,Tan/Fawn' 'Blue Merle/White' 'Lynx Point/Blue' 'Red Tick'
Bloodhound,Blue Merle/Tan' 'Tan/Silver' 'White/Seal Point' 'Gold/Tan' 'Liver/Tan'
Standard Schnauzer/Miniature Poodle,Red/Brown' 'Liver/White' 'Chocolate Point/White' 'Gray/Pink'
Pug,Black Brindle/Blue' 'Brown Brindle/Red Tick' 'Black Smoke/White'
American Pit Bull Terrier,Green/Black' 'Red Tick/Blue Tick' 'White/Yellow' 'Torbie/Brown'
Siberian Husky,Brown/Cream' 'Gray/Orange' 'White/Fawn' 'Calico Point' 'Blue Tick/Tan'
Jack Russell Terrier,Cream/Gold' 'Torbie/Orange' 'Red/Gray' 'Lilac Point/White' 'Blue/Orange'
Australian Kelpie,Cream/Tan' 'Buff/Brown' 'Tan/Tan' 'Brown/Brown Tiger' 'Brown/Chocolate'
Yorkshire Terrier/Miniature Poodle,Black/Fawn' 'Liver Tick' 'Calico Point/White' 'Tortie/Black'
Miniature Schnauzer,Brown Tiger' 'Brown Brindle/Brown Brindle' 'Green/Brown' 'Brown/Buff'
Miniature Pinscher,Black/Silver' 'White/Calico' 'Blue Merle/Red' 'Cream/Silver'
Boxer,White/Brown Merle' 'Gray/Gray' 'White/Gray Tiger' 'Red Tick/White'
Catahoula/Pointer,Tan/Gold' 'Tan/Red' 'Gold/Brown' 'Liver Tick/Brown' 'Silver/Gray'
Standard Poodle,Blue Merle/Black' 'Cream/Brown Merle' 'White/Black Brindle'
Great Pyrenees,Tricolor/Brown Brindle' 'Lilac Point/Gray' 'Black Tiger' 'Pink'
Staffordshire,Tricolor/Red' 'Buff/Yellow' 'Black/Buff' 'Blue Tick/Tricolor'
Dachshund,Brown Tabby/Brown Tabby' 'Blue/Blue Tick' 'Blue Point'
Parakeet,Brown Brindle/Tan' 'Silver/Brown' 'Fawn/Brown' 'Brown Brindle/Fawn'
German Shepherd,Blue Cream/White' 'Gray/Tricolor' 'Blue/Fawn' 'White/Blue Cream'
Queensland Heeler/Pointer,Fawn/Tricolor' 'Black Brindle/Black' 'White/Liver' 'Tortie/Tortie'
American Bulldog,Chocolate/Brown Tabby' 'Tortie/Blue Cream' 'White/Tortie'
Bluetick Hound,Orange Tabby/Orange Tabby' 'Blue Tiger/Tan' 'Tan/Cream' 'Red/Yellow'
Catahoula,Blue/Tortie' 'Lynx Point/Brown Tabby' 'Black Tabby/Orange'
Pit Bull/Chow Chow,Black/Orange' 'Blue Tabby/Cream' 'Black/Blue' 'White/Agouti'
Beagle/Dachshund,Gold/Yellow' 'Blue Tiger/White' 'Tricolor/Fawn' 'Red/Red'
Pit Bull/Australian Cattle Dog,Calico/Orange' 'Chocolate/Fawn' 'Orange/Orange Tabby'
Boxer/Australian Cattle Dog,Tricolor/Blue Merle' 'Brown/Brown Tabby' 'White/Calico Point'
Border Terrier,Yellow/Red' 'Cream/Blue Point' 'Calico/Tricolor' 'Agouti' 'Calico/Black'
Flat Coat Retriever/Pit Bull,Tan/Tricolor' 'Lilac Point/Black' 'White/Yellow Brindle' 'Brown/Silver'
Mastiff,Tan/Blue Merle' 'Silver/Black' 'Tan/Blue' 'Black/Yellow' 'Yellow/Green'
Russian Blue,Flame Point/Cream' 'Agouti/White' 'Tortie Point/Seal Point'
American Eskimo,Red Tick/Tan' 'Brown/Green' 'Brown Tiger/White' 'Yellow/Black'
Boston Terrier,Torbie/Blue Tabby' 'Blue Merle/Red Merle' 'Cream/Orange'
Vizsla,Blue Tick/White' 'Gray/Cream' 'Silver/Chocolate' 'Chocolate/Cream'
Siberian Husky,Tan/Blue Tick' 'Buff/Tan' 'Tan/Buff' 'Blue/Black' 'Liver/Blue'
Guinea Pig,Blue Tiger' 'Blue/Gray' 'Gray Tabby/Gray' 'Tortie/Blue' 'Chocolate/Red'
Shiba Inu,Gray/Blue' 'Brown/Red Merle' 'Gray/Buff' 'White/Flame Point'
Standard Poodle/Labrador Retriever,Chocolate/Brown Brindle' 'Tricolor/Blue' 'Red Tick/Red' 'Red Tick/Brown'
Australian Cattle Dog/German Shepherd,Yellow/Blue' 'Gray/Yellow' 'Brown/Liver' 'Silver/Orange' 'Black/Pink'
Soft Coated Wheaten Terrier,Calico/Brown' 'Tortie Point/Lynx Point' 'Cream/Blue' 'Black Tabby/Brown'
Labrador Retriever/Beagle,Green/Red' 'Tricolor/Gray' 'Black/Black Brindle' 'Tortie/Orange'
Miniature Pinscher,Silver/White' 'Cream/Yellow' 'Gray/Red' 'Black/Black Smoke'
Rabbit Sh,Blue Tick/Brown' 'Black Tiger/White' 'Brown Tabby/Tortie' 'Red/Silver'
Pointer,Brown/Yellow' 'Fawn/Blue' 'Red/Tricolor' 'Fawn/Cream' 'Silver/Red'
Rottweiler/Staffordshire,Brown Tabby/Calico' 'Black/Blue Merle' 'Calico/Orange Tabby'
Great Pyrenees/Australian Cattle Dog,Yellow/Orange' 'Brown Tabby/Brown' 'Blue Tick/Red' 'Seal Point/Cream'
Staffordshire/Basset Hound,Gold/Black' 'Cream Tabby/Orange' 'Chocolate/Blue Tick' 'Red/Blue'
Boxer,Blue Tabby/Black' 'Brown Brindle/Gray' 'Brown/Seal Point'
Akita,Blue Cream/Blue Tiger' 'Brown Merle/Tan' 'Blue Cream/Blue Tabby'
Australian Shepherd/Australian Cattle Dog,Lynx Point/Tan' 'Chocolate/Gray' 'Brown Tabby/Orange'
Persian,Blue Tabby/Tortie' 'White/Apricot' 'Tortie/Blue Merle'
Labrador Retriever/Pit Bull,Black Smoke/Black Tabby' 'Red/Gold' 'Calico/Brown Tabby' 'Red/Red Merle'
Chicken,White/Silver' 'Fawn/Brown Brindle' 'Tan/Red Tick'
English Bulldog,Blue Merle/Blue Merle' 'Brown Tabby/Silver' 'Tortie/Gray'
Chihuahua Shorthair/Rat Terrier,Blue Tick/Red Tick' 'Orange Tabby/Cream' 'Orange Tabby/Brown'
Flat Coat Retriever,Brown Tabby/Gray' 'Red/Red Tick' 'Torbie/Gray' 'Black/Green' 'Tan/Green'
Chihuahua Longhair,White/Blue Tick' 'Blue Merle/Brown Merle' 'Gray Tabby/Brown'
Miniature Poodle/Miniature Schnauzer,Orange/Black' 'Tortie Point/White' 'White/Liver Tick' 'Red Merle/Black'
Harrier,Apricot/White' 'Cream/Seal Point' 'Brown Tabby/Tan' 'Tan/Red Merle'
Australian Cattle Dog/Labrador Retriever,Gray/Green' 'Black/Brown Tabby' 'Blue/Blue Merle' 'Torbie/Blue Cream'
Staffordshire/Boxer,Chocolate/Brown' 'Buff/Cream' 'Buff/Red' 'Fawn/Gray'
Dachshund Wirehair,Brown Brindle/Black Brindle' 'Red/Orange Tabby' 'Tan/Chocolate Point'
American Foxhound,Blue/Silver' 'Blue/Brown' 'Unknown' 'Orange Tabby/Orange'
Anatol Shepherd,White/Silver Tabby' 'Blue Tick/Brown Brindle' 'White/Gold'
Catahoula,Black Smoke/Brown Tabby' 'Calico/Blue Tabby' 'Brown Brindle/Tricolor'
German Shepherd/Labrador Retriever,Orange/Brown' 'Gray/Gold' 'Liver Tick/White' 'Black Smoke/Black Tiger'
Guinea Pig,Sable/Buff' 'Gray Tabby/Brown Tabby' 'Gold/Silver'
Cardigan Welsh Corgi,Chocolate/Black Smoke' 'Seal Point/Brown' 'Cream Tiger/Brown Tabby'
Lhasa Apso,Black/Gold' 'Liver' 'Yellow/Tan' 'Blue/Green' 'Tan/Yellow'
Domestic Longhair,Lynx Point/Tortie Point' 'Gray/Silver' 'Cream/Gray'
Alaskan Husky,Brown Merle/Blue Merle' 'White/Chocolate Point' 'Black Brindle/Tan'
Pit Bull/Boxer,White/Tortie Point' 'Black Tabby/Gray' 'Calico/Gray Tabby' 'Buff/Gray'
Havanese,Cream/Brown Tabby' 'Tricolor/Silver' 'Red Tick/Orange' 'Orange/Tan'
Rottweiler/German Shepherd,Cream/Red' 'Gold/Buff' 'Green/Blue' 'Tricolor/Red Tick'
Golden Retriever/Chow Chow,Liver/Liver Tick' 'White/Pink' 'Sable/Gray' 'Orange Tabby/Tortie Point'
Wire Hair Fox Terrier,Chocolate/Chocolate' 'Yellow/Gray' 'Chocolate Point/Cream'
Border Collie/Whippet,Black Brindle/Brown Brindle' 'Yellow/Cream' 'Silver/Silver Tabby'
Chow Chow,Gray/Brown Brindle' 'Tan/Yellow Brindle' 'Red Tick/Tricolor'
Doberman Pinsch,Brown Merle/Brown Tabby' 'Flame Point/White' 'Tricolor/Calico'
Domestic Longhair,Red Tick/Blue' 'Calico/Calico' 'Orange Tabby/Apricot' 'Blue/Calico'
Australian Shepherd,Tortie/Black Smoke' 'Brown/Black Smoke' 'Calico Point/Lynx Point'
Rat Terrier,Sable/Red' 'Black/Brown Merle' 'Tortie/Calico' 'Black Smoke/Gray'
Black Mouth Cur,Brown Tabby/Black Tabby' 'Brown Merle/Black' 'Liver/Chocolate'
Siamese,White/Blue Tiger' 'White/Lynx Point' 'Red Tick/Brown Brindle'
Cardigan Welsh Corgi/Queensland Heeler,Gold/Gray' 'Red/Green' 'Blue/Cream' 'Black Smoke/Blue Tick'
Labrador Retriever/Australian Kelpie,Tricolor/Cream' 'Gray Tabby/Orange' 'Brown Tabby/Blue' 'Blue Tabby/Buff'
Beagle,Chocolate/Gold' 'Gold/Gold' 'Torbie/Blue' 'Brown Merle/Brown'
Raccoon,Brown Tabby/Cream' 'Brown Tabby/Agouti' 'Tortie/Brown' 'Torbie/Calico'
Golden Retriever,Orange/Gray' 'Cream Tabby/Cream Tabby' 'Black Tabby/Black'
Great Dane,Cream/Tricolor' 'Yellow/Orange Tabby' 'Brown Tabby/Orange Tabby'
Anatol Shepherd,Green/Orange' 'Blue/Gold' 'White/Black Smoke' 'Gray Tabby/Tan'
Chihuahua Shorthair/Pug,Black/Tortie' 'Brown Brindle/Blue Tick' 'Apricot/Tricolor'
Greyhound,Blue Tabby/Tan' 'Brown Merle/Gray' 'Fawn/Chocolate'
Collie Smooth,Blue Point/Lynx Point' 'Torbie/Silver Tabby' 'Blue Merle/Gray'
German Shepherd/Chow Chow,Black Smoke/Black' 'Tan/Brown Brindle' 'Orange Tiger'
Norfolk Terrier,Blue/Black Brindle' 'Gray/Gray Tabby' 'Blue Cream/Tortie'
Rottweiler,Blue Merle/Cream' 'Silver Lynx Point/White' 'Brown/Pink'
Cardigan Welsh Corgi/Chihuahua Shorthair,Tricolor/Chocolate' 'Red Merle/Tricolor' 'White/Ruddy'
Border Collie/Australian Cattle Dog,Calico/Blue Cream' 'Lilac Point/Cream' 'Tan/Apricot' 'Calico/Gray'
Cocker Spaniel/Labrador Retriever,Seal Point/Silver' 'Blue Smoke/Brown' 'Gray/Fawn'
Lizard,Brown Tabby/Gray Tabby' 'Brown/Red Tick' 'Blue Point/Cream'
Border Terrier,Yellow Brindle/Black' 'Agouti/Gray' 'Brown/Black Brindle'
Labrador Retriever/Border Collie,Blue Smoke/White' 'Agouti/Brown Tabby' 'Yellow Brindle/Blue'
Miniature Poodle/Bichon Frise,Seal Point/Buff' 'Blue Tabby/Blue Cream' 'Torbie/Black'
Basset Hound,Orange/Tricolor' 'Red Merle/Brown Merle' 'Green/White'
Boxer/Chinese Sharpei,Brown Brindle/Blue' 'Brown Brindle/Chocolate' 'Black/Gray Tabby'
Pit Bull/German Shepherd,Black Smoke/Brown' 'Brown Tiger/Cream' 'Silver/Cream'
Snowshoe,Blue Tabby/Brown Tabby' 'Chocolate/Brown Merle' 'Blue Tabby/Brown'
English Bulldog,Chocolate/Yellow' 'Black Brindle/Blue Tick' 'Brown/Blue Merle'
Pug/Chihuahua Shorthair,Brown/Blue' 'Red Merle/Red Tick' 'Silver/Gray Tabby' 'Brown/Black Tabby'
Bullmastiff,Brown Tabby/Red' 'Buff/Red Tick' 'Red Merle/Brown' 'Cream/Red Tick'
Labrador Retriever/Black Mouth Cur,Blue/Yellow' 'Brown Merle/Chocolate' 'Chocolate/Seal Point'
Great Pyrenees/Labrador Retriever,White/Brown Tiger' 'Red Merle/Blue Merle' 'Red Merle/Red Merle'
Treeing Walker Coonhound/Great Dane,Tricolor/Orange' 'Yellow/Brown' 'Lynx Point/Blue Point' 'Red Tick/Black'
Labrador Retriever/Great Pyrenees,Silver Lynx Point/Gray' 'Red Tick/Brown Merle' 'Silver/Blue'
Siamese/Domestic Shorthair,Ruddy/Cream' 'Orange/Blue' 'Brown Tiger/Black' 'Tricolor/Brown Merle'
Tibetan Spaniel,Lynx Point/Gray' 'Green/Gold' 'Liver/Brown Brindle'
Staffordshire,Blue Merle/Brown Brindle' 'Brown Merle/Brown Merle'
German Shepherd/Siberian Husky,Black Smoke/Chocolate' 'Chocolate/Red Tick' 'Black Tabby/Gray Tabby'
German Shepherd/Cardigan Welsh Corgi,Blue Tabby/Orange' 'Fawn/Yellow' 'Brown/Brown Merle' 'Tricolor/Tricolor'
American Staffordshire Terrier,Lynx Point/Cream' 'Chocolate/Liver Tick' 'Blue Smoke/Tan'
Bull Terrier,Silver Tabby/Black' 'Tan/Cream Tabby' 'Liver/Cream'
Bichon Frise,Black Brindle/Yellow' 'Tortie Point/Cream' 'Cream/Cream'
Ferret,Brown Brindle/Brown Merle' 'Tan/Brown Merle' 'Liver/Buff'
Chihuahua Shorthair/Dachshund,Blue Smoke/Gray' 'Green/Tricolor' 'White/Black Tiger'
Rabbit Sh,Lynx Point/Gray Tabby' 'Blue Tiger/Black' 'Brown Tabby/Black Brindle'
Schnauzer Giant/Standard Poodle,Black Tabby/Black Smoke' 'Blue/Yellow Brindle' 'Brown/Gold'
Belgian Malinois,Brown Brindle/Blue Cream' 'Cream Tabby/Orange Tabby' 'Tortie/Gold'
Labrador Retriever/Golden Retriever,Tortie Point/Blue' 'Blue Cream/Buff' 'Tortie/Blue Tabby'
Dachshund,Sable/Red Merle' 'Black/Seal Point' 'Agouti/Cream' 'White/Green'
Yorkshire Terrier/Miniature Schnauzer,Cream/Green' 'Ruddy' 'Buff/Blue Merle' 'Red Merle/Tan'
Great Pyrenees/Standard Poodle,Orange Tabby/Tan' 'Brown Tabby/Lynx Point' 'Black/Silver Tabby'
Bombay,Red/Brown Brindle' 'Cream Tiger' 'Yellow Brindle/Brown'
Pointer/Chihuahua Longhair,Orange Tabby/Black' 'Brown Brindle/Liver Tick' 'Tan/Brown Tiger'
Australian Shepherd/Great Pyrenees,Tortie/Tan' 'Silver Lynx Point/Cream' 'Tricolor/Tortie' 'Agouti/Gold'
Great Dane,Tan/Chocolate'
Maltese/Yorkshire Terrier,
Landseer,
English Coonhound,
Carolina Dog,
Jack Russell Terrier/Beagle,
Yorkshire Terrier/Toy Poodle,
Shih Tzu,
Chinchilla,
Jack Russell Terrier,
Cairn Terrier,
Dalmatian/Labrador Retriever,
Black/Tan Hound,
Yorkshire Terrier,
Pit Bull/Chinese Sharpei,
Yorkshire Terrier/Chihuahua Shorthair,
Dogue De Bordeaux,
German Shepherd/Catahoula,
Miniature Schnauzer,
Greyhound,
Labrador Retriever/Jack Russell Terrier,
Blue Lacy,
American Pit Bull Terrier,
Pointer,
Australian Cattle Dog/Pembroke Welsh Corgi,
Basset Hound/Pointer,
Schipperke,
Plott Hound,
Black/Tan Hound,
German Shepherd/Alaskan Husky,
Welsh Terrier,
Bearded Collie,
Anatol Shepherd/Great Pyrenees,
Pomeranian/Chihuahua Shorthair,
Labrador Retriever/German Shepherd,
Labrador Retriever/Blue Lacy,
American Bulldog/American Pit Bull Terrier,
Chow Chow/Australian Cattle Dog,
Italian Greyhound/Chihuahua Shorthair,
Yorkshire Terrier/Norfolk Terrier,
Dalmatian,
Alaskan Malamute/German Shepherd,
Miniature Schnauzer/Miniature Poodle,
Catahoula/German Shepherd,
Australian Kelpie/German Shepherd,
Norfolk Terrier,
Snowshoe,
Pomeranian,
Whippet,
Dalmatian,
Shih Tzu/Chihuahua Shorthair,
Chihuahua Shorthair/Dachshund Wirehair,
Basset Hound/Beagle,
Rottweiler/Labrador Retriever,
Border Collie/Pointer,
Dachshund/Rat Terrier,
Shih Tzu,
Australian Kelpie/Whippet,
Rottweiler,
Chicken,
Fox,
Pekingese,
Standard Schnauzer,
Labrador Retriever/Australian Cattle Dog,
Cardigan Welsh Corgi/Labrador Retriever,
American Staffordshire Terrier/Labrador Retriever,
Cavalier Span,
Belgian Malinois,
Blue Lacy/Beagle,
American Shorthair,
Pbgv,
Labrador Retriever/Whippet,
Brittany,
Labrador Retriever/Collie Smooth,
Wirehaired Pointing Griffon,
Standard Poodle,
Treeing Walker Coonhound,
Golden Retriever/Labrador Retriever,
Bernese Mountain Dog,
Quaker,
Schnauzer Giant,
Labrador Retriever/Rottweiler,
Quaker,
Mastiff,
Russian Blue,
Doberman Pinsch/Catahoula,
Chihuahua Shorthair/Jack Russell Terrier,
Snake,
Cavalier Span,
Miniature Pinscher/Chihuahua Shorthair,
German Shepherd/Rottweiler,
Toy Poodle,
Jack Russell Terrier/Border Collie,
Miniature Schnauzer/Siberian Husky,
West Highland/Cairn Terrier,
Basenji/Pit Bull,
Bichon Frise/Toy Poodle,
Podengo Pequeno,
Basenji,
Labrador Retriever/Boxer,
Parson Russell Terrier,
Hamster,
Chihuahua Shorthair/Schipperke,
Plott Hound/Mastiff,
Squirrel,
Munchkin Shorthair,
Irish Setter/Golden Retriever,
Pit Bull/Labrador Retriever,
Pug/Beagle,
German Wirehaired Pointer/Labrador Retriever,
Australian Cattle Dog/Anatol Shepherd,
Labrador Retriever/Standard Poodle,
Alaskan Husky/German Shepherd,
Standard Poodle/Whippet,
Pit Bull/Pit Bull,
Lhasa Apso,
Chinese Sharpei/American Bulldog,
Pointer/Labrador Retriever,
Bat/Mex Free-Tail,
Beagle/Australian Cattle Dog,
Boxer/Labrador Retriever,
Australian Cattle Dog/Alaskan Husky,
Pointer/Pit Bull,
Maltese,
Chinese Sharpei,
Fox,
Rottweiler/Blue Lacy,
English Shepherd,
Golden Retriever/Border Collie,
Papillon/Miniature Poodle,
Miniature Poodle/Italian Greyhound,
Carolina Dog/Chihuahua Shorthair,
Cairn Terrier/Chihuahua Shorthair,
Pointer/Border Collie,
Chinese Sharpei,
Rottweiler/American Bulldog,
German Shepherd/Great Pyrenees,
Miniature Poodle,
Carolina Dog,
Cocker Spaniel,
Cardigan Welsh Corgi/Australian Cattle Dog,
German Wirehaired Pointer,
Queensland Heeler,
Australian Cattle Dog/Pit Bull,
Great Pyrenees/Rat Terrier,
Border Collie/Labrador Retriever,
Miniature Schnauzer/Yorkshire Terrier,
Labrador Retriever/Irish Setter,
Dachshund/Pomeranian,
Maltese/Miniature Poodle,
Chow Chow/Labrador Retriever,
American Bulldog/Labrador Retriever,
Bearded Collie/Beagle,
Rat Terrier/Chihuahua Shorthair,
Staffordshire/Labrador Retriever,
Skunk,
Labrador Retriever/Queensland Heeler,
French Bulldog,
Manchester Terrier,
Queensland Heeler,
Labrador Retriever/Rat Terrier,
Catahoula/Labrador Retriever,
Plott Hound/Labrador Retriever,
Ringtail,
Finnish Spitz,
Rat,
Australian Shepherd/Labrador Retriever,
Bengal,
Labrador Retriever/Australian Shepherd,
American Shorthair,
Pembroke Welsh Corgi,
Manx,
Collie Rough/Labrador Retriever,
Dachshund/Pit Bull,
Labrador Retriever/Doberman Pinsch,
Bulldog,
Border Collie/German Shepherd,
Norwegian Elkhound/Alaskan Husky,
Cocker Spaniel,
Basenji,
Border Collie/Great Pyrenees,
Black Mouth Cur/Catahoula,
Chihuahua Shorthair/Parson Russell Terrier,
Leonberger,
Chinese Sharpei/Boxer,
Queensland Heeler/Chihuahua Shorthair,
Pembroke Welsh Corgi,
Whippet,
German Shepherd/Golden Retriever,
English Coonhound/Beagle,
Australian Shepherd,
Tibetan Terrier,
Plott Hound/Doberman Pinsch,
Boxer/Miniature Poodle,
Rhod Ridgeback/Labrador Retriever,
English Foxhound,
Basset Hound,
West Highland,
Italian Greyhound,
Australian Kelpie/Siberian Husky,
Alaskan Husky,
Chow Chow/German Shepherd,
Border Collie,
Australian Cattle Dog/Chihuahua Shorthair,
Californian,
Dachshund/Plott Hound,
Manx,
Boston Terrier/Chihuahua Shorthair,
Chihuahua Shorthair/Yorkshire Terrier,
Boston Terrier,
Bruss Griffon,
Mastiff/Rottweiler,
Domestic Medium Hair/Maine Coon,
Wire Hair Fox Terrier/Chihuahua Shorthair,
Labrador Retriever/Cocker Spaniel,
Mexican Hairless,
Opossum,
Standard Schnauzer,
Cocker Spaniel/Miniature Poodle,
Irish Setter,
Dachshund/Labrador Retriever,
Shiba Inu,
Rhod Ridgeback,
Otterhound,
Golden Retriever/Great Pyrenees,
English Pointer,
Pit Bull/Rat Terrier,
Vizsla/Golden Retriever,
Border Collie/Shetland Sheepdog,
Chihuahua Shorthair/Pomeranian,
Boxer/Pit Bull,
Jack Russell Terrier/Cairn Terrier,
Ferret,
Doberman Pinsch/Australian Shepherd,
Skunk,
Dachshund/Beagle,
Dove,
Dachshund Wirehair/Chihuahua Shorthair,
Chihuahua Longhair,
Border Collie/Australian Shepherd,
Pit Bull/Belgian Malinois,
Great Pyrenees/Anatol Shepherd,
Labrador Retriever/English Foxhound,
Labrador Retriever/Chinese Sharpei,
Dogo Argentino,
Angora,
Lionhead,
Labrador Retriever/American Bulldog,
Toy Poodle,
Maltese,
Weimaraner,
Basenji/Labrador Retriever,
German Shepherd/Pit Bull,
Dachshund Longhair,
Chow Chow/Alaskan Husky,
St. Bernard Rough Coat/Anatol Shepherd,
Pig,
Rat Terrier/Beagle,
Peafowl,
Airedale Terrier,
Great Dane/Mastiff,
German Shepherd/Redbone Hound,
Nova Scotia Duck Tolling Retriever,
Rhod Ridgeback,
Cocker Spaniel/Pomeranian,
Pit Bull/Plott Hound,
Basset Hound/Border Collie,
Beagle/Labrador Retriever,
Norwich Terrier,
Shiba Inu/Whippet,
Bluetick Hound/Great Pyrenees,
Pointer/Beagle,
Great Pyrenees/American Bulldog,
West Highland/Standard Poodle,
Waxwing,
Maine Coon,
Basset Hound/Pit Bull,
French Bulldog,
Chinese Sharpei/Labrador Retriever,
Australian Cattle Dog/Basenji,
Collie Smooth/Labrador Retriever,
Australian Shepherd/Border Collie,
Bull Terrier Miniature,
Manx/Domestic Shorthair,
Doberman Pinsch/Chihuahua Shorthair,
German Shorthair Pointer/Bluetick Hound,
German Shepherd/Chinese Sharpei,
Lop-Holland,
Belgian Malinois/Great Pyrenees,
Siberian Husky/German Shepherd,
Himalayan,
Chihuahua Longhair/Papillon,
Duck,
Dutch,
Turtle,
Rat Terrier/Dachshund,
Toy Fox Terrier,
Domestic Longhair/Siamese,
Chihuahua Shorthair/Finnish Spitz,
Dachshund Longhair/Australian Cattle Dog,
Wire Hair Fox Terrier,
American Eskimo,
Maine Coon,
Miniature Schnauzer/Australian Cattle Dog,
Dutch Shepherd,
Lhasa Apso/Shih Tzu,
Redbone Hound,
Shetland Sheepdog,
American Foxhound,
Chihuahua Shorthair/Miniature Pinscher,
Rat,
Beagle/German Shepherd,
Mouse,
Alaskan Husky/Australian Cattle Dog,
Alaskan Malamute/Labrador Retriever,
Beagle/Chihuahua Shorthair,
Collie Smooth/Bull Terrier,
Australian Terrier,
German Shepherd/Black Mouth Cur,
Belgian Malinois/German Shepherd,
German Shepherd/Border Collie,
Flat Coat Retriever/Papillon,
Ibizan Hound/Pit Bull,
Border Collie/Pembroke Welsh Corgi,
Shetland Sheepdog,
Canaan Dog/Redbone Hound,
Alaskan Malamute,
Lizard/Gecko,
Papillon,
Cavalier Span/English Springer Spaniel,
Beagle/Miniature Pinscher,
Jindo,
Chesa Bay Retr,
Pigeon,
Chihuahua Shorthair/Toy Fox Terrier,
Labrador Retriever/Siberian Husky,
Labrador Retriever/Plott Hound,
Hawk,
Chihuahua Longhair/Cavalier Span,
Great Pyrenees/English Pointer,
Jack Russell Terrier/Pembroke Welsh Corgi,
Greater Swiss Mountain Dog,
Labrador Retriever/American Pit Bull Terrier,
Angora-French,
Anatol Shepherd/Chow Chow,
American Pit Bull Terrier/American Bulldog,
Picardy Sheepdog,
Blue Lacy,
Dutch Shepherd/Labrador Retriever,
Irish Terrier,
Chinchilla,
German Shorthair Pointer,
Pomeranian,
Skye Terrier,
Black Mouth Cur/German Shepherd,
Cavalier Span/Chihuahua Shorthair,
Californian,
Cane Corso,
Bichon Frise,
Belgian Sheepdog,
Cocker Spaniel/Australian Shepherd,
Jack Russell Terrier/Labrador Retriever,
Shetland Sheepdog/Keeshond,
Jack Russell Terrier/Dachshund,
Pit Bull/Dalmatian,
Lizard,
English Setter,
Tibetan Spaniel/Chihuahua Longhair,
Newfoundland,
Harrier,
Bull Terrier,
Chow Chow,
Pekingese/Cardigan Welsh Corgi,
Welsh Terrier,
Dutch Shepherd/Plott Hound,
Norwich Terrier,
Pit Bull/Siberian Husky,
Jack Russell Terrier/Australian Cattle Dog,
Labrador Retriever/Alaskan Husky,
Australian Cattle Dog/Cardigan Welsh Corgi,
Great Pyrenees/Border Collie,
Miniature Poodle/Cocker Spaniel,
Heron,
Wirehaired Pointing Griffon,
American Bulldog/American Staffordshire Terrier,
Dachshund/Australian Cattle Dog,
Boston Terrier/Pit Bull,
St. Bernard Smooth Coat/Mastiff,
Bulldog/Boston Terrier,
German Shepherd/Doberman Pinsch,
Manchester Terrier/Pembroke Welsh Corgi,
Pug,
English Spot,
Border Collie/Basenji,
Harrier/Labrador Retriever,
Australian Cattle Dog/Staffordshire,
Feist,
Cold Water,
Australian Cattle Dog/Wire Hair Fox Terrier,
Mastiff/Pit Bull,
Siberian Husky/Australian Cattle Dog,
Persian,
Dachshund Wirehair/Miniature Poodle,
Boykin Span,
Australian Cattle Dog/Dalmatian,
Japanese Bobtail,
Australian Cattle Dog/Cairn Terrier,
French Bulldog/Chihuahua Shorthair,
Miniature Poodle/Maltese,
Chihuahua Shorthair/Italian Greyhound,
Goose,
Himalayan,
Papillon,
Bengal,
Great Dane/Labrador Retriever,
Beagle/Pit Bull,
Maltese/Bichon Frise,
American Bulldog/Pit Bull,
Mastiff/German Shepherd,
Australian Kelpie,
Pit Bull/Pointer,
Domestic Shorthair/Maine Coon,
Lop-Holland,
Catahoula/Great Pyrenees,
Beagle/Catahoula,
Pit Bull/Catahoula,
Catahoula/Australian Cattle Dog,
Vizsla/Labrador Retriever,
Labrador Retriever/Mastiff,
Alaskan Malamute,
Black Mouth Cur/Doberman Pinsch,
Vizsla,
Australian Cattle Dog/Boxer,
Norwich Terrier/Bichon Frise,
St. Bernard Smooth Coat,
Squirrel,
Bullmastiff/Black Mouth Cur,
Boxer/German Shepherd,
Rhod Ridgeback/Pit Bull,
Field Spaniel,
Labrador Retriever/Basset Hound,
Soft Coated Wheaten Terrier/Yorkshire Terrier,
Dachshund Wirehair,
Cane Corso,
Pointer/Chinese Sharpei,
Hamster,
Hovawart,
Catahoula/Basset Hound,
Ibizan Hound,
Cocker Spaniel/Chihuahua Shorthair,
German Shepherd/Mastiff,
Angora-Satin,
Beauceron,
Anatol Shepherd/Catahoula,
Staffordshire/Blue Lacy,
Great Pyrenees/Dalmatian,
Irish Terrier/Standard Schnauzer,
Siberian Husky/Labrador Retriever,
Cairn Terrier/Miniature Poodle,
Weimaraner,
Chihuahua Shorthair/Wire Hair Fox Terrier,
Dachshund/Miniature Poodle,
Dove,
Duck/American,
Great Pyrenees/German Shepherd,
Black Mouth Cur/Chinese Sharpei,
Lop-English,
Labrador Retriever/Anatol Shepherd,
Beagle/Pug,
Beagle/Whippet,
West Highland/Chihuahua Shorthair,
Dachshund Longhair,
Parrot,
Norwegian Elkhound,
Black Mouth Cur/Boxer,
Bantam,
Bulldog/Boxer,
Newfoundland/Labrador Retriever,
Beagle/Boston Terrier,
German Shepherd/Australian Kelpie,
Boxer/Great Dane,
West Highland,
Canaan Dog,
Labrador Retriever/Chow Chow,
Golden Retriever/Standard Poodle,
Pit Bull/Chihuahua Shorthair,
Rex,
Australian Shepherd/Australian Shepherd,
Australian Cattle Dog/Beagle,
Australian Cattle Dog/Australian Shepherd,
Labrador Retriever/Dachshund,
Siberian Husky/Australian Kelpie,
Rhinelander,
Miniature Poodle/Chihuahua Shorthair,
German Shepherd/Collie Smooth,
Labrador Retriever/St. Bernard Rough Coat,
St. Bernard Rough Coat,
Border Collie/Akita,
Australian Cattle Dog/Border Collie,
Labrador Retriever/Great Dane,
Yorkshire Terrier/Maltese,
Labrador Retriever/Greyhound,
Grackle,
Scottish Terrier,
Chihuahua Shorthair/Border Terrier,
Pointer/Australian Cattle Dog,
Great Pyrenees/St. Bernard Smooth Coat,
German Pinscher,
Collie Smooth/Golden Retriever,
American Bulldog/Queensland Heeler,
Australian Cattle Dog/Belgian Malinois,
German Shepherd/Anatol Shepherd,
Parakeet,
Siberian Husky/Basenji,
Havana,
Golden Retriever,
Catahoula/Anatol Shepherd,
Manchester Terrier/Chihuahua Shorthair,
Labrador Retriever/Pointer,
Plott Hound/Catahoula,
Anatol Shepherd/Akita,
Patterdale Terr,
Chow Chow/Irish Setter,
Pig,
Dachshund Longhair/Australian Shepherd,
Dachshund/Manchester Terrier,
Catahoula/Pit Bull,
Boxer/Pug,
Hedgehog,
Black/Tan Hound/Labrador Retriever,
Canary,
Parson Russell Terrier,
Staffordshire/Plott Hound,
New Zealand Wht,
Catahoula/Great Dane,
Great Pyrenees/English Setter,
Carolina Dog/Pit Bull,
Labrador Retriever/Standard Schnauzer,
Turkish Angora,
Pharaoh Hound,
Chihuahua Shorthair/Shiba Inu,
Pointer/Dalmatian,
Lhasa Apso/Miniature Poodle,
Soft Coated Wheaten Terrier/Border Terrier,
Boxer/Beagle,
Anatol Shepherd/German Shepherd,
Devon Rex,
Pug/Dachshund,
Australian Shepherd/Dachshund,
Chow Chow/Pit Bull,
Smooth Fox Terrier/Chihuahua Shorthair,
Miniature Schnauzer/Chihuahua Shorthair,
Rottweiler/Pit Bull,
Cold Water,
Treeing Walker Coonhound/Labrador Retriever,
Redbone Hound,
Great Pyrenees/Bernese Hound,
Netherlnd Dwarf,
Boxer/Dachshund,
Border Terrier/Welsh Terrier,
Queensland Heeler/Great Pyrenees,
Siberian Husky/Border Collie,
Jack Russell Terrier/Chihuahua Longhair,
Maltese/Toy Poodle,
Brittany,
Pug/Staffordshire,
Plott Hound,
Falcon,
Queensland Heeler/Pbgv,
Norfolk Terrier/Chihuahua Shorthair,
Bull Terrier/Border Collie,
Cocker Spaniel/Pembroke Welsh Corgi,
German Shorthair Pointer,
Labrador Retriever/Finnish Spitz,
Lionhead,
German Shepherd/Nova Scotia Duck Tolling Retriever,
West Highland/Miniature Poodle,
German Shepherd/Bull Terrier Miniature,
Finnish Spitz/Cardigan Welsh Corgi,
Labrador Retriever/Rhod Ridgeback,
Ragdoll,
Basset Hound/French Bulldog,
Border Collie/Parson Russell Terrier,
Boxer/Jack Russell Terrier,
Irish Terrier,
Parson Russell Terrier/Chihuahua Shorthair,
British Shorthair,
Tortoise,
Whippet/Treeing Cur,
Chihuahua Shorthair/Cardigan Welsh Corgi,
Tibetan Terrier,
Labrador Retriever/Catahoula,
Cairn Terrier/Dachshund,
Dachshund/Chihuahua Longhair,
Chihuahua Shorthair/Maltese,
Anatol Shepherd/Rhod Ridgeback,
Schipperke/Chihuahua Shorthair,
Rat Terrier/Basenji,
Pit Bull/Boston Terrier,
Australian Cattle Dog/Dachshund,
German Shepherd/Pembroke Welsh Corgi,
Dogue De Bordeaux/American Pit Bull Terrier,
Collie Smooth,
Chihuahua Shorthair/Pekingese,
Akita/Great Pyrenees,
Chinese Sharpei/Rottweiler,
Dogue De Bordeaux,
Chow Chow/Golden Retriever,
Pekingese/Lhasa Apso,
American Pit Bull Terrier/American Pit Bull Terrier,
Pointer/American Pit Bull Terrier,
Pointer/German Wirehaired Pointer,
Rat Terrier/Labrador Retriever,
Pit Bull/Blue Lacy,
Anatol Shepherd/St. Bernard Smooth Coat,
Tonkinese,
Old English Bulldog,
Scottish Terrier/Miniature Poodle,
Beagle/Vizsla,
Boston Terrier/Australian Kelpie,
Beauceron,
Lovebird,
Old English Sheepdog,
Finnish Spitz,
Pit Bull/Basset Hound,
French Bulldog/Bulldog,
Balinese,
German Shepherd/Boxer,
Soft Coated Wheaten Terrier/Boxer,
Boxer/Pointer,
Eng Toy Spaniel,
Chihuahua Shorthair/Miniature Schnauzer,
Staffordshire/English Bulldog,
Akbash,
Great Pyrenees/Catahoula,
Australian Shepherd/Chow Chow,
Boerboel,
American Bulldog/Boxer,
Smooth Fox Terrier/Basenji,
Toy Fox Terrier,
Australian Shepherd/Queensland Heeler,
Catahoula/Whippet,
Cardigan Welsh Corgi,
Miniature Poodle/Lhasa Apso,
Chihuahua Shorthair/Lhasa Apso,
Vizsla/Pit Bull,
Norwich Terrier/Yorkshire Terrier,
Australian Cattle Dog/Bloodhound,
Chinese Sharpei/Border Collie,
Pointer/Boxer,
Akita,
Alaskan Husky/Labrador Retriever,
German Shepherd/Black/Tan Hound,
Australian Cattle Dog/Chow Chow,
Pigeon,
Jack Russell Terrier/Unknown,
Doberman Pinsch/Dachshund,
Miniature Poodle/Yorkshire Terrier,
Blue Lacy/Australian Kelpie,
German Shepherd/Akita,
Catahoula/Beagle,
Labrador Retriever/Treeing Walker Coonhound,
St. Bernard Smooth Coat,
American Eskimo/Border Collie,
Dachshund/Pug,
Abyssinian,
Treeing Cur,
Yorkshire Terrier/Silkie,
Basenji/Cardigan Welsh Corgi,
Chihuahua Shorthair/Cairn Terrier,
Glen Of Imaal,
Blue Lacy/Labrador Retriever,
Conure,
English Springer Spaniel,
Catahoula/Staffordshire,
Dachshund/Miniature Pinscher,
Pit Bull/Mastiff,
Cymric,
Golden Retriever/Finnish Spitz,
Pbgv,
Pembroke Welsh Corgi/Chihuahua Shorthair,
Rottweiler/Australian Cattle Dog,
Pekingese,
American Pit Bull Terrier/Black Mouth Cur,
Toy Poodle/Dachshund,
Dachshund Longhair/Chihuahua Longhair,
Australian Shepherd/Cardigan Welsh Corgi,
Collie Smooth/Australian Cattle Dog,
Pit Bull/Carolina Dog,
Blue Lacy/American Bulldog,
Boxer/American Staffordshire Terrier,
Coyote,
Chinese Crested,
Miniature Poodle/Havanese,
Alaskan Husky/Australian Shepherd,
Australian Cattle Dog/Great Pyrenees,
Scottish Fold,
Pit Bull/Border Collie,
Rhod Ridgeback/Black Mouth Cur,
Scottish Fold,
Great Dane/Chinese Sharpei,
Jack Russell Terrier/Basenji,
Rat Terrier/American Pit Bull Terrier,
Kuvasz/Labrador Retriever,
Basset Hound/Labrador Retriever,
English Coonhound,
Irish Setter/Pit Bull,
Labrador Retriever/Bloodhound,
Jack Russell Terrier/Maltese,
Black Mouth Cur/Rhod Ridgeback,
Catahoula/Cardigan Welsh Corgi,
Lhasa Apso/Cocker Spaniel,
Australian Kelpie/Border Collie,
Pointer/German Shorthair Pointer,
Beagle/Basset Hound,
Lop-English,
German Shepherd/Beagle,
Chinese Crested,
Hawk,
Pit Bull/Great Dane,
Manchester Terrier/Jack Russell Terrier,
Boston Terrier/Cardigan Welsh Corgi,
Hotot,
Australian Shepherd/Border Terrier,
Australian Kelpie/Dachshund,
German Shepherd/Australian Cattle Dog,
Boxer/Plott Hound,
Treeing Cur/Pit Bull,
Pointer/Collie Smooth,
Norwich Terrier/Chihuahua Shorthair,
Norfolk Terrier/Miniature Poodle,
Collie Smooth/Wire Hair Fox Terrier,
Weimaraner/Vizsla,
Grackle,
Plott Hound/Australian Cattle Dog,
Chihuahua Shorthair/Miniature Poodle,
Labrador Retriever/Feist,
Beagle/Cocker Spaniel,
Lowchen,
Soft Coated Wheaten Terrier,
Leonberger,
Miniature Pinscher/Dachshund,
Catahoula/Chow Chow,
German Shepherd/Australian Shepherd,
Snake/Python,
American Bulldog/Great Pyrenees,
Shiba Inu/German Shepherd,
Chihuahua Shorthair/Beagle,
Belgian Tervuren,
Great Dane/Anatol Shepherd,
Toy Fox Terrier/Chihuahua Shorthair,
Bruss Griffon/Dachshund,
Orpington,
Golden Retriever/Beagle,
Greyhound/Labrador Retriever,
Norwegian Forest Cat,
Shih Tzu/Maltese,
Tortoise,
Bernese Mountain Dog,
Pygmy,
Chihuahua Longhair/Dachshund,
Labrador Retriever/Weimaraner,
Australian Shepherd/Golden Retriever,
German Shorthair Pointer/American Pit Bull Terrier,
Budgerigar,
Bearded Collie,
Basenji/Chihuahua Shorthair,
Australian Cattle Dog/Catahoula,
Cornish Rex,
German Shepherd/Collie Rough,
Great Dane/Pointer,
Dachshund/Norfolk Terrier,
Shih Tzu/Pomeranian,
Cairn Terrier/Border Collie,
Rottweiler/Australian Shepherd,
Cardigan Welsh Corgi/Miniature Pinscher,
Miniature Poodle/English Cocker Spaniel,
Border Terrier/Pug,
American Foxhound/Beagle,
Catahoula/Border Collie,
Guinea,
Collie Rough/Spanish Water Dog,
Labrador Retriever/Dalmatian,
Dalmatian/Australian Cattle Dog,
Lhasa Apso/Pbgv,
Basset Hound/Australian Cattle Dog,
Maltese/Shih Tzu,
Labrador Retriever/Miniature Poodle,
Bruss Griffon/Pug,
Beagle/Rat Terrier,
Cardigan Welsh Corgi/Cardigan Welsh Corgi,
Whippet/Plott Hound,
Muscovy,
Akita/Border Collie,
Affenpinscher,
Cockatiel,
Beagle/Mastiff,
Beagle/English Coonhound,
Australian Kelpie/Catahoula,
Beagle/Queensland Heeler,
Irish Terrier/Border Terrier,
Australian Cattle Dog/American Pit Bull Terrier,
Boxer/Whippet,
Bulldog,
Miniature Schnauzer/Jack Russell Terrier,
Australian Kelpie/Beagle,
Anatol Shepherd/Border Collie,
Carolina Dog/German Shepherd,
Collie Smooth/Chow Chow,
Silky Terrier,
Bearded Collie/Labrador Retriever,
Australian Shepherd/Wire Hair Fox Terrier,
Border Collie/Alaskan Husky,
Doberman Pinsch/Beagle,
Chickadee,
Boxer/Rhod Ridgeback,
Bruss Griffon/Chihuahua Longhair,
Boxer/Border Collie,
Catahoula/Carolina Dog,
Labrador Retriever/Chesa Bay Retr,
Field Spaniel,
Harrier/Pit Bull,
Staffordshire/Australian Cattle Dog,
Rabbit Lh,
Chow Chow/Australian Kelpie,
Smooth Fox Terrier,
Chihuahua Longhair/Rat Terrier,
Macaw,
Cavalier Span/Papillon,
Chihuahua Shorthair/Rhod Ridgeback,
Havanese,
Finch,
Beagle/Jack Russell Terrier,
Labrador Retriever/Chihuahua Shorthair,
Chow Chow/Basset Hound,
Soft Coated Wheaten Terrier/Labrador Retriever,
American Pit Bull Terrier/Pit Bull,
Chihuahua Longhair/Dachshund Wirehair,
Beagle/Australian Shepherd,
Chihuahua Shorthair/Doberman Pinsch,
Belgian Sheepdog,
Collie Rough/Great Pyrenees,
English Spot,
Catahoula/Chinese Sharpei,
Blue Lacy/Collie Smooth,
Chihuahua Shorthair/Swedish Vallhund,
Cardigan Welsh Corgi/Golden Retriever,
Pit Bull/Beagle,
Queensland Heeler/German Shepherd,
Australian Cattle Dog/Black Mouth Cur,
Manx/Domestic Longhair,
Mouse,
Boxer/Neapolitan Mastiff,
Miniature Schnauzer/Dachshund,
Pharaoh Hound/Black Mouth Cur,
Anatol Shepherd/Redbone Hound,
Pheasant,
Labrador Retriever/Redbone Hound,
Catahoula/Siberian Husky,
Cairn Terrier/Yorkshire Terrier,
Snowshoe/Ragdoll,
Parrot,
Other Bird,
Chesa Bay Retr/Labrador Retriever,
Norfolk Terrier/Dachshund Wirehair,
Great Dane/Pit Bull,
Norfolk Terrier/Yorkshire Terrier,
Boxer/Anatol Shepherd,
Rat Terrier/Pekingese,
Jack Russell Terrier/Manchester Terrier,
Miniature Schnauzer/Labrador Retriever,
Jack Russell Terrier/Pug,
Bruss Griffon,
American Bulldog/Blue Lacy,
Australian Shepherd/Pembroke Welsh Corgi,
Labrador Retriever/Vizsla,
Great Dane/Boxer,
Staffordshire/Beagle,
Armadillo,
St. Bernard Rough Coat,
Heron,
Domestic Medium Hair/Siamese,
Pit Bull/American Bulldog,
Australian Shepherd/Chihuahua Shorthair,
Cane Corso/Blue Lacy,
Australian Shepherd/Alaskan Malamute,
Dachshund Longhair/Cocker Spaniel,
Finnish Spitz/Chow Chow,
Jack Russell Terrier/Yorkshire Terrier,
Alaskan Husky/Chow Chow,
Collie Rough/Anatol Shepherd,
Border Collie/Pit Bull,
Norfolk Terrier/Chihuahua Longhair,
Beagle/American Staffordshire Terrier,
Belgian Malinois/Cardigan Welsh Corgi,
Patterdale Terr,
Cockatiel,
Smooth Fox Terrier,
Sparrow,
American Staffordshire Terrier/Catahoula,
Dachshund/Cardigan Welsh Corgi,
Dachshund/Shih Tzu,
Australian Kelpie/Bull Terrier,
Rhod Ridgeback/German Shepherd,
Jack Russell Terrier/Pit Bull,
Black Mouth Cur/Golden Retriever,
Landseer,
Blue Lacy/Great Dane,
Labrador Retriever/Italian Greyhound,
Australian Cattle Dog/Pointer,
English Springer Spaniel,
Pug/Labrador Retriever,
Chinese Sharpei/Pit Bull,
American Pit Bull Terrier/Boxer,
Rabbit Lh,
Border Terrier/Dachshund,
Miniature Poodle/Jack Russell Terrier,
Dutch Shepherd/Pit Bull,
Border Terrier/Chihuahua Shorthair,
Pit Bull/Dutch Shepherd,
Duck,
Dachshund/Parson Russell Terrier,
Ragdoll,
Miniature Schnauzer/Maltese,
Boston Terrier/Miniature Schnauzer,
German Shepherd/Great Dane,
German Shepherd/Pointer,
Akita/Labrador Retriever,
Manchester Terrier/Beagle,
American Curl Shorthair,
Beagle/Cairn Terrier,
Dutch Shepherd/Belgian Malinois,
Pointer/Anatol Shepherd,
Mexican Hairless,
Bichon Frise/Miniature Poodle,
Australian Cattle Dog/Australian Cattle Dog,
Boxer/Catahoula,
Potbelly Pig,
Miniature Poodle/Golden Retriever,
Basset Hound/Blue Lacy,
Wire Hair Fox Terrier/German Shepherd,
Presa Canario,
Jack Russell Terrier/Rat Terrier,
Queensland Heeler/Labrador Retriever,
Cocker Spaniel/Dachshund,
Borzoi,
Whippet/Dachshund,
Chihuahua Shorthair/Pembroke Welsh Corgi,
Australian Cattle Dog/Siberian Husky,
Anatol Shepherd/Beagle,
Great Dane/Dalmatian,
Shih Tzu/Pug,
Australian Kelpie/Cardigan Welsh Corgi,
Bruss Griffon/Chihuahua Shorthair,
Redbone Hound/Labrador Retriever,
Chihuahua Shorthair/Chihuahua Shorthair,
Rat Terrier/Chihuahua Longhair,
Miniature Schnauzer/Cairn Terrier,
Turtle/Redeared Slider,
Canaan Dog/English Springer Spaniel,
Miniature Poodle/Dachshund,
Port Water Dog,
Blue Lacy/Basset Hound,
Pit Bull/Pharaoh Hound,
Mockingbird,
German Wirehaired Pointer/Basset Hound,
Pembroke Welsh Corgi/Anatol Shepherd,
Border Collie/Rottweiler,
Jack Russell Terrier/Boston Terrier,
Kangal/Great Dane,
Miniature Poodle/Chihuahua Longhair,
Keeshond,
Dachshund Longhair/Tibetan Spaniel,
Treeing Cur/Boxer,
Burmese,
Miniature Poodle/Cairn Terrier,
Oriental Sh,
Queensland Heeler/Entlebucher,
Miniature Schnauzer/Queensland Heeler,
German Shorthair Pointer/Australian Cattle Dog,
Black Mouth Cur/Pit Bull,
Australian Kelpie/Collie Smooth,
Coton De Tulear,
Welsh Springer Spaniel,
Pekingese/Pomeranian,
Yorkshire Terrier/Rat Terrier,
Cardigan Welsh Corgi/German Shepherd,
Australian Shepherd/German Shepherd,
Miniature Poodle/Shih Tzu,
Welsh Springer Spaniel,
Collie Rough/Pembroke Welsh Corgi,
Australian Kelpie/Labrador Retriever,
Bloodhound,
Jack Russell Terrier/Miniature Poodle,
Irish Wolfhound/Great Dane,
Catahoula/English Coonhound,
Boston Terrier/Pointer,
Black Mouth Cur/Labrador Retriever,
Boxer/Dogue De Bordeaux,
Chihuahua Longhair/Wire Hair Fox Terrier,
Shih Tzu/Yorkshire Terrier,
Staffordshire/Pit Bull,
Swedish Vallhund,
American Staffordshire Terrier/Boxer,
Miniature Schnauzer/Wire Hair Fox Terrier,
English Bulldog/Dachshund,
Labrador Retriever/Labrador Retriever,
Great Pyrenees/Australian Shepherd,
Bruss Griffon/Affenpinscher,
Shetland Sheepdog/Cavalier Span,
Golden Retriever/Cocker Spaniel,
Catahoula/Black Mouth Cur,
Irish Wolfhound,
Greyhound/German Shepherd,
Snake,
Bulldog/American Pit Bull Terrier,
Irish Setter,
Lowchen/Yorkshire Terrier,
Boxer/Redbone Hound,
Cairn Terrier/Border Terrier,
Labrador Retriever/Irish Wolfhound,
Chinchilla-Stnd,
Great Pyrenees/Golden Retriever,
Labrador Retriever/Boston Terrier,
Catahoula/Boxer,
Emu,
Siberian Husky/Anatol Shepherd,
Bruss Griffon/Maltese,
Neapolitan Mastiff,
Siamese/Domestic Medium Hair,
Lhasa Apso/Toy Poodle,
Border Collie/Bull Terrier,
Pekingese/Catahoula,
Plott Hound/Blue Lacy,
Pit Bull/Rhod Ridgeback,
Akita/Pit Bull,
Catahoula/Doberman Pinsch,
Owl,
Boston Terrier/Pug,
Shih Tzu/Affenpinscher,
Cavalier Span/Toy Poodle,
Alaskan Husky/Border Collie,
Cocker Spaniel/Australian Terrier,
Manchester Terrier,
Catahoula/Alaskan Husky,
Chihuahua Longhair/Pug,
Turtle,
Pit Bull/Black Mouth Cur,
Australian Cattle Dog/St. Bernard Smooth Coat,
Flat Coat Retriever/Labrador Retriever,
Black Mouth Cur/Blue Lacy,
Shih Tzu/Dachshund,
English Cocker Spaniel,
Clumber Spaniel,
Great Pyrenees/Kuvasz,
Chihuahua Shorthair/Collie Smooth,
Bloodhound/Great Pyrenees,
Dachshund/Jack Russell Terrier,
Plott Hound/Dachshund,
Bedlington Terr,
American Pit Bull Terrier/Labrador Retriever,
Mastiff/Akita,
Saluki,
Cairn Terrier/Dachshund Wirehair,
Pointer/Staffordshire,
Cinnamon,
Norfolk Terrier/Standard Poodle,
Labrador Retriever/German Shorthair Pointer,
Dachshund/Bloodhound,
Whippet/Australian Cattle Dog,
Chihuahua Shorthair/French Bulldog,
Chesa Bay Retr/German Shepherd,
Australian Cattle Dog/Bull Terrier,
Dachshund Wirehair/Norfolk Terrier,
Landseer/Great Pyrenees,
Blue Lacy/American Staffordshire Terrier,
American Pit Bull Terrier/Basenji,
Pekingese/Shih Tzu,
Great Dane/Greyhound,
Miniature Schnauzer/Dachshund Wirehair,
Rhode Island,
Swedish Vallhund/German Shepherd,
Newfoundland/Border Collie,
Labrador Retriever/Flat Coat Retriever,
Black/Tan Hound/German Shepherd,
English Coonhound/German Shepherd,
Smooth Fox Terrier/Labrador Retriever,
Anatol Shepherd/Siberian Husky,
Samoyed,
British Shorthair,
Rex,
Cairn Terrier/Basset Hound,
Siberian Husky/Pit Bull,
Tibetan Spaniel,
Carolina Dog/Alaskan Husky,
Birman,
German Shepherd/Whippet,
Entlebucher,
Cardigan Welsh Corgi/Blue Lacy,
Rat Terrier/Pointer,
Cardigan Welsh Corgi/Cocker Spaniel,
Shih Tzu/Lhasa Apso,
Maltese/Dachshund,
Black Mouth Cur/Plott Hound,
French Bulldog/Dachshund,
Border Terrier/Yorkshire Terrier,
Italian Greyhound/Cavalier Span,
Cane Corso/Mastiff,
Beagle/Standard Poodle,
Yorkshire Terrier/Havanese,
Labrador Retriever/Bearded Collie,
Bluebird,
Labrador Retriever/Bernese Mountain Dog,
Black Mouth Cur/Greyhound,
West Highland/Shetland Sheepdog,
Wire Hair Fox Terrier/Beagle,
Chihuahua Longhair/Pomeranian,
American Bulldog/Mastiff,
Queensland Heeler/Dachshund,
Standard Schnauzer/Labrador Retriever,
Pembroke Welsh Corgi/Australian Cattle Dog,
Cardigan Welsh Corgi/Jindo,
Mastiff/Labrador Retriever,
Collie Rough/Australian Cattle Dog,
English Pointer,
Clumber Spaniel,
Doberman Pinsch/Black Mouth Cur,
Bichon Frise/Maltese,
American Pit Bull Terrier/Boston Terrier,
Harrier/Beagle,
Cardinal,
Dachshund Longhair/Chihuahua Shorthair,
Queensland Heeler/Basset Hound,
Chihuahua Shorthair/Standard Schnauzer,
Wire Hair Fox Terrier/Dachshund,
Great Dane/German Shepherd,
Blue Lacy/Pit Bull,
Dalmatian/Pit Bull,
Labrador Retriever/American Staffordshire Terrier,
Yorkshire Terrier/Dachshund Wirehair,
Dachshund Longhair/Miniature Schnauzer,
Manchester Terrier/Australian Kelpie,
Yorkshire Terrier/Jack Russell Terrier,
Patterdale Terr/Cardigan Welsh Corgi,
Anatol Shepherd/Boxer,
English Pointer/Black Mouth Cur,
Chihuahua Shorthair/Labrador Retriever,
Soft Coated Wheaten Terrier/Chihuahua Shorthair,
Rottweiler/Siberian Husky,
Akita/Siberian Husky,
Norwich Terrier/Cairn Terrier,
Dachshund Wirehair/Yorkshire Terrier,
Coyote,
Pomeranian/Chihuahua Longhair,
Australian Cattle Dog/Patterdale Terr,
Vizsla/Pointer,
English Bulldog/Staffordshire,
Pit Bull/Weimaraner,
Domestic Longhair/Domestic Longhair,
Chesa Bay Retr,
Doberman Pinsch/Australian Cattle Dog,
Cairn Terrier/Maltese,
Shih Tzu/Havanese,
Gerbil,
Cardigan Welsh Corgi/Dachshund,
Great Pyrenees/Doberman Pinsch,
Papillon/Skye Terrier,
Pit Bull/Pembroke Welsh Corgi,
Bunting,
Dachshund/Border Collie,
Pit Bull/Pug,
Colorpoint,
Labrador Retriever/Harrier,
Cocker Spaniel/Golden Retriever,
Boxer/Mastiff,
Dachshund/Boston Terrier,
Pembroke Welsh Corgi/Australian Shepherd,
Labrador Retriever/Border Terrier,
Canaan Dog/Catahoula,
Maltese/Jack Russell Terrier,
Weimaraner/Pit Bull,
Border Collie/Pomeranian,
Golden Retriever/German Shepherd,
Black Mouth Cur/Siberian Husky,
Chihuahua Shorthair/Pit Bull,
Australian Shepherd/Rhod Ridgeback,
Australian Kelpie/Rat Terrier,
Great Pyrenees/Rottweiler,
Wolf Hybrid,
Yorkshire Terrier/Parson Russell Terrier,
Chinese Crested/Chihuahua Shorthair,
American Curl Shorthair,
Devon Rex,
Chihuahua Shorthair/Boston Terrier,
Beagle/Pembroke Welsh Corgi,
Border Collie/Chow Chow,
Pembroke Welsh Corgi/Basset Hound,
Yorkshire Terrier/Chihuahua Longhair,
Australian Kelpie/Australian Shepherd,
Swedish Vallhund/Siberian Husky,
Armadillo,
Border Collie/Field Spaniel,
Collie Rough,
Jindo/Siberian Husky,
Bluetick Hound,
German Shepherd/Greyhound,
Staffordshire/Rat Terrier,
Angora-Satin,
Treeing Walker Coonhound/Pit Bull,
Collie Smooth/Boxer,
Border Collie/Border Collie,
Basset Hound/Chinese Sharpei,
Ragdoll/Munchkin Longhair,
Manchester Terrier/Norfolk Terrier,
Pointer/American Bulldog,
Pharaoh Hound,
Basenji/Chihuahua Longhair,
Pointer/Jack Russell Terrier,
Toy Poodle/Chihuahua Shorthair,
Pug/Boxer,
Dachshund Wirehair/Rat Terrier,
Pit Bull/Dachshund,
Queensland Heeler/Parson Russell Terrier,
Italian Greyhound,
Tibetan Terrier/Lhasa Apso,
German Shorthair Pointer/Labrador Retriever,
Siberian Husky/Chinese Sharpei,
Dachshund/English Bulldog,
Pembroke Welsh Corgi/Dachshund,
Siberian Husky/Australian Shepherd,
Skye Terrier,
Beagle/Border Collie,
Great Pyrenees/Pointer,
Chihuahua Shorthair/Manchester Terrier,
Dachshund/Whippet,
American Staffordshire Terrier/American Bulldog,
Great Pyrenees/Boxer,
Dachshund Wirehair/Border Terrier,
Labrador Retriever/Belgian Malinois,
Jack Russell Terrier/Anatol Shepherd,
Coton De Tulear,
Dachshund Longhair/Maltese,
Old English Bulldog,
Netherlnd Dwarf,
Shih Tzu/Miniature Poodle,
Australian Kelpie/Pit Bull,
Basset Hound/Pembroke Welsh Corgi,
Whippet/Labrador Retriever,
Brittany/Border Collie,
Standard Schnauzer/Standard Poodle,
Shiba Inu/Chihuahua Shorthair,
Border Collie/American Eskimo,
Yorkshire Terrier/Lhasa Apso,
Siamese/Domestic Longhair,
Chihuahua Shorthair/Australian Cattle Dog,
Lhasa Apso/Cairn Terrier,
Chihuahua Longhair/Cairn Terrier,
Peafowl,
Pekingese/Miniature Poodle,
Collie Smooth/Pointer,
Chihuahua Longhair/Cardigan Welsh Corgi,
Treeing Tennesse Brindle,
Cocker Spaniel/Dachshund Longhair,
Bluebird,
Mastiff/Cane Corso,
Bernese Hound,
Basset Hound/Dachshund,
Chihuahua Shorthair/Catahoula,
Basenji/Carolina Dog,
Bernese Hound/Great Dane,
Presa Canario,
Basset Hound/Australian Shepherd,
Angora-English,
New Zealand Wht,
Border Collie/Staffordshire,
Doberman Pinsch/Labrador Retriever,
Redbone Hound/Rhod Ridgeback,
Standard Poodle/Australian Shepherd,
Australian Shepherd/Chihuahua Longhair,
Pointer/Basset Hound,
Tibetan Mastiff,
Turkish Van,
Samoyed,
Catahoula/Bulldog,
Cardigan Welsh Corgi/Australian Shepherd,
English Coonhound/Doberman Pinsch,
Clumber Spaniel/American Eskimo,
Tibetan Spaniel/Beagle,
Dachshund Wirehair/Toy Poodle,
American Bulldog/Plott Hound,
Dalmatian/Staffordshire,
Boston Terrier/Labrador Retriever,
Domestic Longhair/Persian,
Australian Cattle Dog/English Coonhound,
Turkey,
Siberian Husky/Cardigan Welsh Corgi,
Bruss Griffon/Cairn Terrier,
Gerbil,
Boxer/Staffordshire,
Redbone Hound/Boxer,
Labrador Retriever/Pug,
Black Mouth Cur/Pointer,
Mastiff/Anatol Shepherd,
Labrador Retriever/Black/Tan Hound,
Redbone Hound/Bloodhound,
Dachshund Wirehair/Shih Tzu,
Chihuahua Shorthair/Border Collie,
Belgian Malinois/Labrador Retriever,
Picardy Sheepdog,
Feist/Chihuahua Shorthair,
Staffordshire/Basenji,
Australian Cattle Dog/Chinese Sharpei,
Pointer/Basenji,
Akita/Australian Cattle Dog,
Maltese/Chihuahua Longhair,
Border Collie/Catahoula,
American,
Labrador Retriever/Brittany,
Miniature Poodle/West Highland,
Norfolk Terrier/Cardigan Welsh Corgi,
Bulldog/Staffordshire,
Siberian Husky/Doberman Pinsch,
Siberian Husky/Great Pyrenees,
Anatol Shepherd/Alaskan Husky,
Australian Cattle Dog/Rhod Ridgeback,
Anatol Shepherd/Australian Cattle Dog,
Pit Bull/Akita,
Catahoula/Plott Hound,
Great Pyrenees/Siberian Husky,
Pharaoh Hound/Boxer,
Australian Kelpie/Golden Retriever,
Rottweiler/Plott Hound,
Manx/Domestic Medium Hair,
Chihuahua Shorthair/Australian Terrier,
American Wirehair,
West Highland/Patterdale Terr,
Dachshund Longhair/Pomeranian,
Miniature Schnauzer/Soft Coated Wheaten Terrier,
Catahoula/American Bulldog,
Golden Retriever/Australian Cattle Dog,
Hotot,
Australian Cattle Dog/Australian Kelpie,
Australian Shepherd/Siberian Husky,
Japanese Bobtail/American Curl Shorthair,
Rhod Ridgeback/Boxer,
Border Terrier/Miniature Poodle,
English Bulldog/Cairn Terrier,
Dachshund/Cavalier Span,
Kuvasz,
Miniature Schnauzer/Shih Tzu,
French Bulldog/Pit Bull,
Jack Russell Terrier/Pointer,
Starling,
German Shepherd/Belgian Malinois,
Australian Kelpie/Basenji,
Australian Shepherd/Miniature Poodle,
Jack Russell Terrier/Australian Shepherd,
Labrador Retriever/Shiba Inu,
Exotic Shorthair,
Savannah,
Labrador Retriever/English Bulldog,
Pug/Pit Bull,
Boston Terrier/Dachshund,
Siberian Husky/Alaskan Malamute,
Cardigan Welsh Corgi/Jack Russell Terrier,
Rat Terrier/Boston Terrier,
Irish Wolfhound/Labrador Retriever,
Feist/Beauceron,
Great Dane/Boerboel,
Patterdale Terr/Labrador Retriever,
Australian Kelpie/Miniature Pinscher,
Chihuahua Shorthair/Norfolk Terrier,
Dachshund Wirehair/Cairn Terrier,
Dogue De Bordeaux/Labrador Retriever,
Norfolk Terrier/Cairn Terrier,
Australian Kelpie/Staffordshire,
Chihuahua Shorthair/Dachshund Longhair,
Jindo/Labrador Retriever,
Blue Lacy/Pointer,
St. Bernard Rough Coat/Beagle,
American,
Cairn Terrier/Pit Bull,
Cairn Terrier/Shih Tzu,
Labrador Retriever/Bullmastiff,
Catahoula/Australian Shepherd,
Jack Russell Terrier/Shih Tzu,
Carolina Dog/Australian Cattle Dog,
Bull Terrier/Pit Bull,
Cardigan Welsh Corgi/Pointer,
Miniature Pinscher/Smooth Fox Terrier,
Pomeranian/Siberian Husky,
Yorkshire Terrier/Cairn Terrier,
Treeing Tennesse Brindle,
Beagle/Boxer,
Rat Terrier/Miniature Pinscher,
French Bulldog/Miniature Poodle,
Border Collie/Dachshund,
American Staffordshire Terrier/Rhod Ridgeback,
Mastiff/Great Dane,
Labrador Retriever/Newfoundland,
Chihuahua Shorthair/Smooth Fox Terrier,
Pit Bull/St. Bernard Smooth Coat,
Spanish Water Dog,
Staffordshire/Boston Terrier,
Standard Schnauzer/German Shepherd,
Plott Hound/Bull Terrier,
Anatol Shepherd/Black Mouth Cur,
Dachshund/Basset Hound,
Labrador Retriever/Dachshund Wirehair,
Pomeranian/Border Terrier,
Chinese Sharpei/Border Terrier,
Bull Terrier Miniature/Greyhound,
Basenji/Dachshund,
Dachshund Longhair/Miniature Poodle,
Border Collie/Boxer,
Australian Cattle Dog/Jack Russell Terrier,
American Foxhound/Pit Bull,
French Bulldog/American Staffordshire Terrier,
Dutch Shepherd,
German Wirehaired Pointer,
English Setter,
Silky Terrier,
Border Collie/Greyhound,
Dalmatian/Plott Hound,
Shih Tzu/Pit Bull,
Queensland Heeler/Great Dane,
Border Terrier/Border Collie,
Alaskan Malamute/Border Collie,
German Shepherd/Alaskan Malamute,
Tarantula,
Catahoula/Harrier,
Boxer/Dalmatian,
Treeing Cur,
Chinese Sharpei/Great Dane,
Jindo,
American Staffordshire Terrier/Pit Bull,
English Setter/Labrador Retriever,
Miniature Pinscher/Yorkshire Terrier,
Anatol Shepherd/Great Dane,
Yorkshire Terrier/Border Terrier,
Anatol Shepherd/Kangal,
Dalmatian/Pointer,
Boxer/American Bulldog,
Afghan Hound/German Shepherd,
Border Collie/Collie Rough,
Lizard/Bearded Dragon,
Havana,
Miniature Schnauzer/Cocker Spaniel,
Boxer/Akita,
Labrador Retriever/Akbash,
Sussex Span,
Manchester Terrier/Miniature Pinscher,
Pointer/Rat Terrier,
Australian Cattle Dog/Whippet,
Silky Terrier/Yorkshire Terrier,
Chihuahua Shorthair/Siberian Husky,
Staffordshire/Bull Terrier,
St. Bernard Rough Coat/Boxer,
Chinese Sharpei/American Staffordshire Terrier,
Bluetick Hound/Treeing Walker Coonhound,
Airedale Terrier,
Rhode Island,
Dachshund Longhair/Toy Poodle,
Collie Rough/Irish Setter,
Chow Chow/Cardigan Welsh Corgi,
Great Dane/Great Pyrenees,
Shih Tzu/Papillon,
Border Collie/Australian Kelpie,
Vizsla/Dachshund,
Neapolitan Mastiff,
Plott Hound/Beagle,
Labrador Retriever/Parson Russell Terrier,
Bullmastiff,
Irish Wolfhound/American Pit Bull Terrier,
German Shorthair Pointer/Brittany,
Maltese/Border Collie,
Irish Terrier/Labrador Retriever,
Dachshund/Harrier,
Pomeranian/Shetland Sheepdog,
Swiss Hound,
Pit Bull/Standard Schnauzer,
Miniature Poodle/Labrador Retriever,
Boxer/Greyhound,
Australian Cattle Dog/Akita,
Chow Chow/Chinese Sharpei,
Dachshund/Catahoula,
Cairn Terrier/Italian Greyhound,
St. Bernard Rough Coat/Great Pyrenees,
Doberman Pinsch/Pit Bull,
Dogo Argentino/Pit Bull,
Airedale Terrier/Standard Poodle,
Miniature Pinscher/Pug,
Border Terrier/Jack Russell Terrier,
Collie Rough/German Shepherd,
Scottish Terrier,
Crow,
Turkish Angora,
American Bulldog/Basset Hound,
Labrador Retriever/Dutch Shepherd,
Anatol Shepherd/Saluki,
Japanese Chin,
Golden Retriever/Akita,
Miniature Schnauzer/Lhasa Apso,
Border Collie/English Pointer,
English Coonhound/Mastiff,
Field Spaniel/Cocker Spaniel,
English Coonhound/Italian Greyhound,
Lop-Amer Fuzzy,
Chihuahua Longhair/Dachshund Longhair,
Chihuahua Longhair/Yorkshire Terrier,
Pekingese/Pug,
Brittany/Cocker Spaniel,
Rottweiler/Chinese Sharpei,
Pomeranian/Papillon,
Lop-Mini,
Yorkshire Terrier/Dachshund Longhair,
Boxer/Black Mouth Cur,
Chihuahua Shorthair/Norwich Terrier,
Kuvasz,
Whippet/Chihuahua Shorthair,
Yorkshire Terrier/Shih Tzu,
Border Collie/Brittany,
Toy Poodle/Yorkshire Terrier,
Beagle/Pointer,
German Shepherd/Chihuahua Shorthair,
Black/Tan Hound/Doberman Pinsch,
Siberian Husky/Belgian Malinois,
English Coonhound/Labrador Retriever,
Cottontail,
Chihuahua Shorthair/Cirneco,
Border Terrier/Cairn Terrier,
Airedale Terrier/Otterhound,
Wire Hair Fox Terrier/Golden Retriever,
Cardigan Welsh Corgi/Bulldog,
Plott Hound/Pit Bull,
Boxer/Bullmastiff,
Border Terrier/Miniature Schnauzer,
Catahoula/Greyhound,
Australian Shepherd/Jack Russell Terrier,
Hovawart,
Boston Terrier/French Bulldog,
Dachshund/American Staffordshire Terrier,
Dachshund/Australian Kelpie,
Kangal,
Cairn Terrier/Scottish Terrier,
Saluki/Doberman Pinsch,
Dachshund/American Pit Bull Terrier,
Miniature Poodle/Cavalier Span,
Carolina Dog/Black Mouth Cur,
Redbone Hound/Dachshund,
Rottweiler/Beagle,
Border Collie/Beagle,
Pomeranian/Jack Russell Terrier,
Cairn Terrier/Miniature Schnauzer,
Queensland Heeler/Pit Bull,
Shih Tzu/Boston Terrier,
Manchester Terrier/Chihuahua Longhair,
Anatol Shepherd/Harrier,
Pointer/Great Dane,
Australian Shepherd/Pit Bull,
Chinese Sharpei/Great Pyrenees,
Boxer/Queensland Heeler,
Cardigan Welsh Corgi/Beagle,
Maltese/Border Terrier,
English Foxhound,
Pit Bull/Bulldog,
Abyssinian,
Cane Corso/Pit Bull,
Plott Hound/Rottweiler,
Anatol Shepherd/Mastiff,
Mastiff/Bloodhound,
American Pit Bull Terrier/Weimaraner,
Lhasa Apso/West Highland,
Rottweiler/Dachshund,
Papillon/Brittany,
Tonkinese,
Beagle/Black Mouth Cur,
Dandie Dinmont,
Chihuahua Shorthair/Boxer,
Border Terrier/Standard Schnauzer,
Checkered Giant,
Pug/Pomeranian,
Miniature Poodle/Standard Schnauzer,
Landseer/English Setter,
Great Pyrenees/St. Bernard Rough Coat,
Shih Tzu/Toy Poodle,
Sphynx,
Chihuahua Shorthair/Rottweiler,
Yorkshire Terrier/Australian Terrier,
American Sable,
Canaan Dog/Pit Bull,
Bichon Frise/Cocker Spaniel,
Shiba Inu/Australian Kelpie,
German Shepherd/Irish Wolfhound,
Bullmastiff/Pit Bull,
German Shepherd/Airedale Terrier,
Collie Smooth/Catahoula,
Border Terrier/Chihuahua Longhair,
Dogue De Bordeaux/American Bulldog,
Nova Scotia Duck Tolling Retriever,
Cavalier Span/Chihuahua Longhair,
Great Dane/Border Collie,
Boykin Span,
Collie Rough/Chinese Sharpei,
Flemish Giant,
Black/Tan Hound/Black Mouth Cur,
Chow Chow/Doberman Pinsch,
Harrier/Pointer,
Australian Shepherd/Field Spaniel,
Mastiff/American Bulldog,
Keeshond/Finnish Spitz,
Irish Wolfhound/German Shepherd,
German Shepherd/Basenji,
Catahoula/Vizsla,
Treeing Walker Coonhound,
Australian Terrier,
Labrador Retriever/English Springer Spaniel,
American Staffordshire Terrier/French Bulldog,
Doberman Pinsch/German Shepherd,
Chihuahua Longhair/Pekingese,
Parson Russell Terrier/Beagle,
Dachshund/Greyhound,
Belgian Malinois/Pit Bull,
Treeing Walker Coonhound/Dachshund,
Redbone Hound/Australian Cattle Dog,
Plott Hound/Boxer,
Shih Tzu/Border Terrier,
St. Bernard Smooth Coat/Anatol Shepherd,
Gamefowl,
Border Terrier/Dachshund Wirehair,
Mastiff/Black Mouth Cur,
Shetland Sheepdog/Italian Greyhound,
Rottweiler/Boxer,
Chihuahua Shorthair/Basset Hound,
Collie Smooth/Saluki,
Lakeland Terrier,
Boston Terrier/Beagle,
Finch,
Snowshoe/Domestic Shorthair,
Bulldog/Labrador Retriever,
Basset Hound/English Pointer,
Great Pyrenees/Great Dane,
Redbone Hound/Greyhound,
Australian Cattle Dog/American Staffordshire Terrier,
Norwich Terrier/Maltese,
Shetland Sheepdog/German Shepherd,
Cardigan Welsh Corgi/Pomeranian,
Weimaraner/Plott Hound,
Bloodhound/Labrador Retriever,
Lop-Mini,
Flat Coat Retriever,
Beagle/Dachshund Longhair,
Yorkshire Terrier/Scottish Terrier,
Harrier/Catahoula,
Border Collie/English Springer Spaniel,
American Sable,
English Springer Spaniel/Labrador Retriever,
Afghan Hound,
Australian Cattle Dog/Queensland Heeler,
Chihuahua Longhair/Jack Russell Terrier,
Pembroke Welsh Corgi/Akita,
Deer,
Whippet/Australian Kelpie,
Chihuahua Shorthair/Shih Tzu,
Rottweiler/Australian Kelpie,
Standard Schnauzer/Toy Poodle,
Bulldog/American Bulldog,
English Coonhound/Border Collie,
Whippet/Shetland Sheepdog,
Toy Poodle/Bichon Frise,
Plott Hound/German Shepherd,
Norwich Terrier/Pug,
Rhod Ridgeback/Vizsla,
Border Collie/Anatol Shepherd,
Flemish Giant,
Redbone Hound/Pit Bull,
Shetland Sheepdog/Border Collie,
Pug/Pembroke Welsh Corgi,
Spanish Mastiff,
Australian Cattle Dog/Dutch Shepherd,
Labrador Retriever/Pembroke Welsh Corgi,
Black Mouth Cur/Anatol Shepherd,
Pit Bull/American Staffordshire Terrier,
Miniature Schnauzer/Chihuahua Longhair,
Pbgv/Jack Russell Terrier,
German Shepherd/Queensland Heeler,
Cocker Spaniel/Standard Poodle,
Pointer/Bull Terrier,
Shih Tzu/Miniature Schnauzer,
Silkie,
Dutch Shepherd/Great Pyrenees,
Border Collie/Dalmatian,
Lop-French,
Miniature Poodle/Australian Cattle Dog,
Chihuahua Longhair/Maltese,
German Shepherd/Basset Hound,
Pointer/Catahoula,
Australian Cattle Dog/Plott Hound,
Boxer/Bulldog,
Cairn Terrier/Chihuahua Longhair,
Cocker Spaniel/Border Collie,
Basenji/Chow Chow,
Rat Terrier/Pembroke Welsh Corgi,
Rhod Ridgeback/Great Dane,
Australian Shepherd/Staffordshire,
Australian Cattle Dog/Rat Terrier,
Cardigan Welsh Corgi/Pit Bull,
Treeing Walker Coonhound/Australian Cattle Dog,
American Pit Bull Terrier/Catahoula,
Dachshund/Wire Hair Fox Terrier,
Great Pyrenees/Pit Bull,
Australian Cattle Dog/Basset Hound,
Mexican Hairless/Chihuahua Shorthair,
Pit Bull/Dogue De Bordeaux,
Quail,
Mastiff/American Pit Bull Terrier,
Canaan Dog/Border Collie,
Maltese/Lhasa Apso,
Whippet/Jack Russell Terrier,
Jack Russell Terrier/Whippet,
Dachshund/Toy Poodle,
Vulture,
Pit Bull/English Bulldog,
Greyhound/Great Dane,
Border Collie/Cocker Spaniel,
Chinese Sharpei/Pointer,
Tropical,
Rhod Ridgeback/Bullmastiff,
Shih Tzu/Cavalier Span,
Bulldog/Pit Bull,
Great Pyrenees/Chow Chow,
Rat Terrier/English Pointer,
Bullmastiff/Boxer,
Manchester Terrier/Basenji,
Bloodhound/German Shepherd,
Rhod Ridgeback/Blue Lacy,
Potbelly Pig,
Silky Terrier/Maltese,
Shih Tzu/Chihuahua Longhair,
American Bulldog/English Bulldog,
Domestic Medium Hair/Manx,
Chinese Crested/Chihuahua Longhair,
Border Terrier/Toy Fox Terrier,
Dachshund/Yorkshire Terrier,
Dachshund/Bull Terrier,
Pit Bull/Jack Russell Terrier,
Airedale Terrier/Miniature Schnauzer,
Pembroke Welsh Corgi/Pit Bull,
Owl,
Tibetan Spaniel/Dachshund Longhair,
Boxer/Boxer,
Flat Coat Retriever/Golden Retriever,
Shetland Sheepdog/Cardigan Welsh Corgi,
Alaskan Malamute/Alaskan Husky,
Whippet/German Shepherd,
Jack Russell Terrier/Italian Greyhound,
Beagle/Cardigan Welsh Corgi,
Whippet/English Pointer,
Pit Bull/Cairn Terrier,
Rottweiler/Rhod Ridgeback,
Basenji/Australian Cattle Dog,
Dachshund/English Foxhound,
Schipperke/Cardigan Welsh Corgi,
Carolina Dog/American Pit Bull Terrier,
Pembroke Welsh Corgi/Labrador Retriever,
Black Mouth Cur/Chow Chow,
Chihuahua Longhair/Cocker Spaniel,
Labrador Retriever/Pharaoh Hound,
Dachshund Longhair/Cairn Terrier,
Brittany/Chihuahua Shorthair,
Saluki,
Chinchilla-Amer,
Cardigan Welsh Corgi/Cairn Terrier,
Cardigan Welsh Corgi/Collie Rough,
Brittany/Labrador Retriever,
Australian Shepherd/Anatol Shepherd,
Toy Poodle/Lhasa Apso,
Shiba Inu/Alaskan Husky,
Briard,
St. Bernard Rough Coat/German Shepherd,
Blue Lacy/Dutch Shepherd,
English Bulldog/Mastiff,
Chesa Bay Retr/Australian Cattle Dog,
Miniature Pinscher/Whippet,
Doberman Pinsch/Miniature Pinscher,
Black Mouth Cur/English Pointer,
Chow Chow/English Cocker Spaniel,
Border Terrier/Rat Terrier,
Chihuahua Shorthair/Cocker Spaniel,
Rat Terrier/Australian Cattle Dog,
Australian Kelpie/Australian Cattle Dog,
Standard Poodle/Golden Retriever,
Chihuahua Longhair/Chow Chow,
Hermit Crab,
English Pointer/Boxer,
Treeing Walker Coonhound/German Shepherd,
Cocker Spaniel/Beagle,
Shetland Sheepdog/Brittany,
Miniature Schnauzer/Dachshund Longhair,
Whippet/Beagle,
Pit Bull/Cardigan Welsh Corgi,
Schnauzer Giant,
Smooth Fox Terrier/Beagle,
Airedale Terrier/Labrador Retriever,
Siamese/Munchkin Shorthair,
Cairn Terrier/Cardigan Welsh Corgi,
Harlequin,
Canaan Dog/Labrador Retriever,
Labrador Retriever/Saluki,
Bull Terrier Miniature/German Shepherd,
Basset Hound/Beauceron,
Boxer/American Pit Bull Terrier,
Australian Shepherd/Parson Russell Terrier,
Chihuahua Shorthair/Cavalier Span,
Dachshund/Boxer,
Schnauzer Giant/Otterhound,
Havana Brown,
Dutch/Angora-Satin,
Greyhound/Border Collie,
Miniature Schnauzer/West Highland,
Alaskan Husky/Collie Smooth,
Shih Tzu/Cardigan Welsh Corgi,
Boxer/Boston Terrier,
Collie Smooth/German Shepherd,
Plott Hound/Great Pyrenees,
Domestic Shorthair/Manx,
Pekingese/Norfolk Terrier,
Border Collie/Queensland Heeler,
Brittany/St. Bernard Smooth Coat,
Akita/German Shepherd,
Chinchilla-Stnd,
Chihuahua Longhair/Queensland Heeler,
Unknown,
Scottish Terrier/Basset Hound,
Beagle/Treeing Walker Coonhound,
Pekingese/Cavalier Span,
Boxer/Harrier,
Border Collie/Bernese Mountain Dog,
Pembroke Welsh Corgi/German Shepherd,
Standard Schnauzer/Siberian Husky,
Dachshund/Cocker Spaniel,
Rex-Mini,
Flat Coat Retriever/German Shepherd,
Australorp/Bantam,
Akita/Belgian Malinois,
Mastiff/Chinese Sharpei,
Conure,
Basset Hound/Doberman Pinsch,
Pomeranian/Cairn Terrier,
Pekingese/Toy Poodle,
Dachshund/Dachshund,
Black Mouth Cur/Mastiff,
Labrador Retriever/English Pointer,
English Coonhound/Siberian Husky,
Afghan Hound/Labrador Retriever,
Chihuahua Longhair/West Highland,
Bulldog/Chinese Sharpei,
Golden Retriever/Brittany,
Alaskan Husky/Catahoula,
Mastiff/Plott Hound,
Jindo/Pembroke Welsh Corgi,
Border Terrier/Soft Coated Wheaten Terrier,
Australian Shepherd/Rottweiler,
American Staffordshire Terrier/Chinese Sharpei,
Egyptian,
Great Dane/Australian Cattle Dog,
Australian Cattle Dog/Collie Rough,
Shih Tzu/Norfolk Terrier,
Yorkshire Terrier/Standard Poodle,
Domestic Longhair/Rex,
English Bulldog/American Staffordshire Terrier,
Chihuahua Shorthair/German Shepherd,
Chinese Sharpei/German Shepherd,
Chihuahua Shorthair/Bichon Frise,
Alaskan Klee Kai,
Pit Bull/Vizsla,
Rhod Ridgeback/Plott Hound,
Domestic Shorthair/Bengal,
Plott Hound/Border Collie,
Australian Shepherd/Belgian Tervuren,
English Bulldog/Pit Bull,
German Shepherd/Swedish Vallhund,
Swedish Vallhund,
Carolina Dog/Border Collie,
English Springer Spaniel/Cardigan Welsh Corgi,
Australian Kelpie/American Pit Bull Terrier,
Australian Cattle Dog/German Shorthair Pointer,
Rat Terrier/Miniature Poodle,
Cavalier Span/Border Collie,
Florida White,
Australian Kelpie/Bichon Frise,
Catahoula/Akita,
Chesa Bay Retr/Chinese Sharpei,
Redbone Hound/Catahoula,
Staffordshire/Dachshund,
Border Collie/Blue Lacy,
Domestic Shorthair/Domestic Shorthair,
Lop-Mini/Lop-Holland,
Maltese/Pug,
German Shorthair Pointer/Beagle,
Dachshund/Doberman Pinsch,
Australian Shepherd/Australian Kelpie,
Chinese Sharpei/Chow Chow,
Black/Tan Hound/Great Dane,
Pit Bull/Flat Coat Retriever,
Miniature Schnauzer/Toy Poodle,
Chartreux,
Border Collie/German Shorthair Pointer,
Jersey Wooly,
Anatol Shepherd/American Bulldog,
Pointer/Australian Kelpie,
Dachshund Longhair/Golden Retriever,
Pit Bull/Bull Terrier,
Barred Rock,
Black/Tan Hound/Beagle,
Pointer/Blue Lacy,
Dandie Dinmont,
Golden Retriever/Australian Shepherd,
Chow Chow/Siberian Husky,
Irish Wolfhound/Cardigan Welsh Corgi,
Chihuahua Shorthair/Mexican Hairless,
Shiba Inu/Labrador Retriever,
Bull Terrier Miniature,
Manchester Terrier/Cairn Terrier,
Scottish Terrier/Chihuahua Shorthair,
Chinese Sharpei/Airedale Terrier,
Australian Cattle Dog/Boston Terrier,
Smooth Fox Terrier/Cardigan Welsh Corgi,
Anatol Shepherd/Pit Bull,
Black Mouth Cur/Staffordshire,
Australian Kelpie/Pembroke Welsh Corgi,
Shih Tzu/French Bulldog,
Australian Shepherd/Boxer,
Spinone Italiano,
Beagle/Plott Hound,
English Cocker Spaniel,
Sparrow,
St. Bernard Rough Coat/Border Collie,
Pixiebob Shorthair,
Scottish Deerhound,
Bernese Hound/Standard Poodle,
Whippet/Rat Terrier,
Basenji/Beagle,
Labrador Retriever/Patterdale Terr,
Beagle/Parson Russell Terrier,
Pit Bull/Queensland Heeler,
Basset Hound/Black/Tan Hound,
Shih Tzu/Bichon Frise,
Swedish Vallhund/Miniature Poodle,
Wire Hair Fox Terrier/Chihuahua Longhair,
Rabbit Sh/Dwarf Hotot,
Cane Corso/Great Dane,
Black Mouth Cur/Carolina Dog,
Collie Smooth/Beagle,
Pug/Pekingese,
Miniature Poodle/Beagle,
German Shepherd/Plott Hound,
French Bulldog/Boston Terrier,
Border Terrier/Labrador Retriever,
Miniature Pinscher/Dachshund Wirehair,
Bernese Mountain Dog/Miniature Poodle,
Boston Terrier/Siberian Husky,
Pointer/Boston Terrier,
Black Mouth Cur/Basset Hound,
Bull Terrier Miniature/Chinese Sharpei,
Silver,
Basenji/Rhod Ridgeback,
Lop-Mini/Hotot,
Beagle/Chinese Sharpei,
Carolina Dog/Catahoula,
Australian Cattle Dog/Pug,
Miniature Schnauzer/Border Terrier,
Rat Terrier/Pit Bull,
Boston Terrier/Rat Terrier,
Pit Bull/French Bulldog,
Chihuahua Longhair/Miniature Poodle,
Lhasa Apso/Havanese,
Golden Retriever/Pembroke Welsh Corgi,
Cottontail,
Gordon Setter,
Soft Coated Wheaten Terrier/Miniature Poodle,
English Bulldog/Beagle,
Dachshund Longhair/Cardigan Welsh Corgi,
Scottish Terrier/Cairn Terrier,
Golden Retriever/Border Terrier,
Ringtail,
Vizsla/Greyhound,
Newfoundland,
Manchester Terrier/Labrador Retriever,
Collie Rough/Chow Chow,
Bruss Griffon/Yorkshire Terrier,
Dachshund Wirehair/Standard Poodle,
Miniature Pinscher/Pomeranian,
Ibizan Hound,
Siberian Husky/French Bulldog,
Bantam,
Snowshoe/Siamese,
Siamese/Angora,
Australian Cattle Dog/American Foxhound,
American Bulldog/Pointer,
Bull Terrier/Australian Kelpie,
Pug/German Shepherd,
Jack Russell Terrier/Papillon,
Shetland Sheepdog/Chihuahua Longhair,
Skye Terrier/Miniature Poodle,
Pug/Italian Greyhound,
Alaskan Malamute/Akita,
Staffordshire/American Bulldog,
Australian Shepherd/English Springer Spaniel,
Airedale Terrier/Irish Terrier,
Barred Rock,
Gamefowl/Guinea,
Pit Bull/Alaskan Husky,
English Shepherd,
Australian Cattle Dog/Parson Russell Terrier,
Pit Bull/Basenji,
Dachshund/German Pinscher,
Labrador Retriever/Smooth Fox Terrier,
Nova Scotia Duck Tolling Retriever/Golden Retriever,
Otter,
Ocicat,
Staffordshire/Bulldog,
Akita/Chow Chow,
Australian Shepherd/Catahoula,
Chow Chow/Pekingese,
American Pit Bull Terrier/Chinese Sharpei,
Soft Coated Wheaten Terrier/Standard Poodle,
Rottweiler/Basset Hound,
St. Bernard Rough Coat/Standard Schnauzer,
Australian Kelpie/Finnish Spitz,
Dachshund/Black/Tan Hound,
Queensland Heeler/Australian Cattle Dog,
Newfoundland/Great Pyrenees,
Alaskan Klee Kai,
Rat Terrier/Cairn Terrier,
Pit Bull/Collie Smooth,
Basenji/Australian Kelpie,
Chinese Crested/Papillon,
Miniature Poodle/Scottish Terrier,
Smooth Fox Terrier/Border Collie,
Jack Russell Terrier/Shetland Sheepdog,
Australian Kelpie/Shiba Inu,
Irish Wolfhound/Great Pyrenees,
Border Collie/Standard Schnauzer,
Australian Cattle Dog/Chinese Crested,
German Pinscher/Whippet,
Labrador Retriever/Pekingese,
Papillon/Chihuahua Shorthair,
Deer,
Dutch Shepherd/Australian Kelpie,
German Shepherd/Ibizan Hound,
Chinese Sharpei/Rhod Ridgeback,
West Highland/Toy Fox Terrier,
Pomeranian/American Eskimo,
Pekingese/Jack Russell Terrier,
St. Bernard Rough Coat/Labrador Retriever,
Siberian Husky/Akita,
Pit Bull/Rottweiler,
Papillon/Pembroke Welsh Corgi,
Yorkshire Terrier/Bruss Griffon,
Affenpinscher,
Beagle/Cavalier Span,
Wire Hair Fox Terrier/Miniature Schnauzer,
Australian Shepherd/Unknown,
Port Water Dog,
Mastiff/Dutch Shepherd,
Siberian Husky/Collie Smooth,
Domestic Shorthair/American Shorthair,
Plott Hound/Golden Retriever,
Boykin Span/Cocker Spaniel,
Dachshund/Havanese,
Bluetick Hound/Chinese Sharpei,
Pit Bull/Cane Corso,
Pit Bull/Bullmastiff,
American Pit Bull Terrier/Alaskan Husky,
Nuthatch,
Samoyed/Alaskan Husky,
Turkey,
Dachshund Longhair/Siberian Husky,
Beauceron/Labrador Retriever,
English Springer Spaniel/Beagle,
Britannia Petit,
Beagle/Borzoi,
Black Mouth Cur/Great Dane,
Basset Hound/Cocker Spaniel,
Greyhound/Pointer,
Cardigan Welsh Corgi/American Staffordshire Terrier,
Great Dane/American Pit Bull Terrier,
Boston Terrier/Boxer,
Waxwing,
Airedale Terrier/Cairn Terrier,
Balinese,
Chihuahua Longhair/Miniature Schnauzer,
Australian Cattle Dog/Collie Smooth,
Chinese Sharpei/Australian Cattle Dog,
Pug/Border Terrier,
Domestic Shorthair/Siamese,
Toy Poodle/Maltese,
Papillon/Chihuahua Longhair,
American Staffordshire Terrier/Mastiff,
Smooth Fox Terrier/Rat Terrier,
Mockingbird,
Basenji/Jack Russell Terrier,
Irish Terrier/Irish Wolfhound,
Doberman Pinsch/Beauceron,
Chihuahua Longhair/Greyhound,
Boxer/Chow Chow,
Basset Hound/Boxer,
English Bulldog/American Bulldog,
Miniature Pinscher/Rat Terrier,
Greyhound/Weimaraner,
Chihuahua Shorthair/Whippet,
Maltese/Wirehaired Pointing Griffon,
Italian Greyhound/Rat Terrier,
Australian Cattle Dog/Treeing Walker Coonhound,
Collie Smooth/Siberian Husky,
Dachshund/Shetland Sheepdog,
American Staffordshire Terrier/Boston Terrier,
Sugar Glider,
Irish Wolfhound,
Pit Bull/Border Terrier,
Anatol Shepherd/Golden Retriever,
Collie Rough/Catahoula,
English Pointer/Australian Cattle Dog,
Black Mouth Cur/Australian Cattle Dog,
Miniature Schnauzer/Miniature Pinscher,
Beagle/Border Terrier,
Staffordshire/French Bulldog,
Siamese/Japanese Bobtail,
Golden Retriever/Pit Bull,
Black Mouth Cur/Chesa Bay Retr,
Munchkin Longhair,
Yorkshire Terrier/Pomeranian,
Cockatoo,
Border Collie/Jack Russell Terrier,
Pug/Border Collie,
Chihuahua Shorthair/Papillon,
Catahoula/Smooth Fox Terrier,
Swedish Vallhund/Chihuahua Longhair,
Jack Russell Terrier/Welsh Terrier,
Labrador Retriever/American Foxhound,
Manchester Terrier/Dachshund,
Golden Retriever/Dachshund,
Dachshund Wirehair/Pbgv,
Miniature Schnauzer/Border Collie,
Border Terrier/West Highland,
Harrier/German Shepherd,
Catahoula/American Pit Bull Terrier,
Chinese Sharpei/Rat Terrier,
Australian Shepherd/Collie Rough,
Chihuahua Longhair/Norfolk Terrier,
English Coonhound/Australian Cattle Dog,
Chinese Sharpei/Beagle,
Akbash,
Lhasa Apso/Dachshund,
Bearded Collie/Border Collie,
Rottweiler/Doberman Pinsch,
Greyhound/Airedale Terrier,
Doberman Pinsch/Greyhound,
Pheasant,
Guinea,
Papillon/Yorkshire Terrier,
Dachshund Longhair/Pembroke Welsh Corgi,
Pit Bull/Anatol Shepherd,
Siberian Husky/Catahoula,
Chihuahua Shorthair/Welsh Terrier,
Swiss Hound/American Pit Bull Terrier,
Border Collie/Finnish Spitz,
German Shepherd/Vizsla,
Lhasa Apso/Jack Russell Terrier,
Feist/Beagle,
Treeing Tennesse Brindle/Labrador Retriever,
Cardigan Welsh Corgi/Australian Kelpie,
Catahoula/Dutch Shepherd,
Yorkshire Terrier/Standard Schnauzer,
Golden Retriever/Nova Scotia Duck Tolling Retriever,
Grand Basset Griffon Vendeen,
Rat Terrier/Lhasa Apso,
Warbler,
Doberman Pinsch/Black/Tan Hound,
Pointer/Queensland Heeler,
Pug/Catahoula,
Border Collie/Siberian Husky,
Angora-English,
Shetland Sheepdog/Pomeranian,
Pharaoh Hound/Border Collie,
Labrador Retriever/Collie Rough,
Labrador Retriever/Beauceron,
Rottweiler/Chow Chow,
Jersey Wooly,
Plott Hound/Whippet,
Dogo Argentino/Labrador Retriever,
Australian Shepherd/Brittany,
Greyhound/Australian Cattle Dog,
Polish,
Havanese/Miniature Poodle,
Golden Retriever/Collie Rough,
Labrador Retriever/Nova Scotia Duck Tolling Retriever,
Chihuahua Shorthair/Queensland Heeler,
Old English Sheepdog/Standard Poodle,
Beveren,
Dwarf Hotot,
Mastiff/Boxer,
Border Terrier/Beagle,
Cocker Spaniel/Pekingese,
Pug/Cairn Terrier,
Miniature Poodle/Bernese Mountain Dog,
Cocker Spaniel/Lhasa Apso,
Welsh Springer Spaniel/Labrador Retriever,
Cocker Spaniel/Miniature Schnauzer,
Cornish Rex,
Miniature Poodle/Border Terrier,
French Bulldog/English Bulldog,
Irish Terrier/Basset Hound,
Chihuahua Shorthair/Shetland Sheepdog,
Boxer/English Bulldog,
Plott Hound/Rhod Ridgeback,
Australian Shepherd/Cavalier Span,
Vizsla/Catahoula,
Siberian Husky/Pomeranian,
Miniature Poodle/Pomeranian,
Basset Hound/Rat Terrier,
Bichon Frise/Lhasa Apso,
Dutch,
German Shepherd/Bloodhound,
Pembroke Welsh Corgi/Chihuahua Longhair,
Yorkshire Terrier/Yorkshire Terrier,
Queensland Heeler/Cardigan Welsh Corgi,
Staffordshire/Chinese Sharpei,
Unknown,
Beagle/Australian Kelpie,
Standard Schnauzer/Soft Coated Wheaten Terrier,
Finnish Spitz/Labrador Retriever,
Pointer/Australian Shepherd,
Standard Schnauzer/Australian Shepherd,
Maltese/Yorkshire,
Chihuahua Shorthair/Chinese Crested,
Bull Terrier/Whippet,
Chicken/Wyandottes,
Greater Swiss Mountain Dog,
Labrador Retriever/Bull Terrier,
Golden Retriever/Bearded Collie,
Border Terrier/Maltese,
Rabbit Sh/Lop-Mini,
Standard Schnauzer/Border Terrier,
Lark,
Australian Kelpie/Plott Hound,
Mastiff/Staffordshire,
Goat,
Jack Russell Terrier/Dachshund Wirehair,
Maltese/Standard Poodle,
Toy Poodle/Cocker Spaniel,
Belgian Malinois/Treeing Cur,
Chihuahua Longhair/Chihuahua Shorthair,
Bengal/Domestic Shorthair,
Dachshund Longhair/Rat Terrier,
Golden Retriever/Anatol Shepherd,
Great Pyrenees/Alaskan Husky,
Smooth Fox Terrier/Jack Russell Terrier,
Landseer/Border Collie,
Jack Russell Terrier/Standard Schnauzer,
Greyhound/Saluki,
Pug/Cocker Spaniel,
Pointer/Siberian Husky,
Pug/Boston Terrier,
Dutch Shepherd/Australian Shepherd,
Glen Of Imaal/Ibizan Hound,
Cairn Terrier/Norfolk Terrier,
Whippet/Anatol Shepherd,
Chinese Crested/Yorkshire Terrier,
French Bulldog/Pug,
Australian Shepherd/Collie Smooth,
Catahoula/Jack Russell Terrier,
Labrador Retriever/Cardigan Welsh Corgi,
Doberman Pinsch/Standard Schnauzer,
Cocker Spaniel/Chihuahua Longhair,
Rat Terrier/Dachshund Wirehair,
Dutch Sheepdog,
Basset Hound/American Pit Bull Terrier,
Great Pyrenees/Plott Hound,
Dachshund Wirehair/Chihuahua Longhair,
Australian Shepherd/Cocker Spaniel,
Shiba Inu/Pit Bull,
Treeing Walker Coonhound/German Shorthair Pointer,
Pixiebob Shorthair,
Finnish Spitz/Australian Shepherd,
Javanese,
Burmese,
Collie Rough/Pointer,
Miniature Schnauzer/Whippet,
Labrador Retriever/Alaskan Malamute,
Anatol Shepherd/Pointer,
Old English Sheepdog,
Bull Terrier/Boxer,
Basset Hound/Cardigan Welsh Corgi,
Shiba Inu/Siberian Husky,
Chinese Crested/Cocker Spaniel,
Dachshund/Belgian Malinois,
Chihuahua Longhair/Australian Cattle Dog,
Dachshund Longhair/Yorkshire Terrier,
Bearded Collie/German Shepherd,
Pointer/Brittany,
Labrador Retriever/Bull Terrier Miniature,
Chihuahua Shorthair/Basenji,
Dachshund Wirehair/West Highland,
Chihuahua Shorthair/Affenpinscher,
Dachshund/Standard Schnauzer,
Dachshund/Blue Lacy,
Border Terrier/Affenpinscher,
Carolina Dog/Labrador Retriever,
Black Mouth Cur/Dachshund,
Yorkshire Terrier/Soft Coated Wheaten Terrier,
Boxer/Cardigan Welsh Corgi,
Saluki/Labrador Retriever,
Lop-Amer Fuzzy,
Soft Coated Wheaten Terrier/Cardigan Welsh Corgi,
Chinese Sharpei/Black Mouth Cur,
Bloodhound/Great Dane,
Pug/French Bulldog,
Jack Russell Terrier/Miniature Schnauzer,
Landseer/Collie Smooth,
English Bulldog/Boxer,
American Foxhound/Pointer,
Cairn Terrier/Lhasa Apso,
Dachshund/German Shepherd,
Harrier/English Coonhound,
Dachshund/Maltese,
Australian Shepherd/Plott Hound,
Pug/Miniature Pinscher,
Greyhound/Dalmatian,
Pembroke Welsh Corgi/Brittany,
West Highland/Soft Coated Wheaten Terrier,
Lhasa Apso/Miniature Schnauzer,
Rat Terrier/Jack Russell Terrier,
American Pit Bull Terrier/Basset Hound,
Black/Tan Hound/Siberian Husky,
Maltese/Chihuahua Shorthair,
Beagle/Harrier,
Great Dane/Catahoula,
Cairn Terrier/Bruss Griffon,
Yorkshire Terrier/Chinese Crested,
Dachshund Wirehair/Miniature Schnauzer,
Maltese/Papillon,
Jack Russell Terrier/Pbgv,
Australian Kelpie/Blue Lacy,
Pointer/Ibizan Hound,
Golden Retriever/Siberian Husky,
Australian Shepherd/Beagle,
German Shepherd/German Shepherd,
Shih Tzu/Standard Schnauzer,
Maltese/Dachshund Longhair,
Pit Bull/Great Pyrenees,
Black Mouth Cur/Bulldog,
Pekingese/Australian Shepherd,
Border Terrier/Scottish Terrier,
Collie Rough/Golden Retriever,
Miniature Poodle/Miniature Poodle,
Basset Hound/Great Pyrenees,
Border Collie/Miniature Pinscher,
Greater Swiss Mountain Dog/Pointer,
Blue Lacy/Weimaraner,
African,
Pug/Miniature Schnauzer,
Dandie Dinmont/Miniature Poodle,
Shiba Inu/Chinese Sharpei,
Keeshond,
Norfolk Terrier/German Shepherd,
Weimaraner/American Bulldog,
Bulldog/Australian Cattle Dog,
Irish Setter/Siberian Husky,
Rex/Lop-English,
Golden Retriever/Irish Setter,
Shiba Inu/Dachshund,
Black,
Basset Hound/German Shepherd,
Vizsla/Beagle,
Toy Fox Terrier/Dachshund,
Cardigan Welsh Corgi/American Eskimo,
Akbash/Great Pyrenees,
Jack Russell Terrier/Cavalier Span,
Cairn Terrier/West Highland,
Australian Kelpie/Chihuahua Longhair,
Basenji/Australian Shepherd,
Newfoundland/Australian Cattle Dog,
West Highland/Yorkshire Terrier,
Toy Poodle/Miniature Schnauzer,
Cairn Terrier/Bichon Frise,
Shetland Sheepdog/Dachshund Longhair,
Standard Poodle/Great Pyrenees,
Cavalier Span/Pug,
Australian Kelpie/Chinese Sharpei,
Cardigan Welsh Corgi/Border Collie,
Pointer/Harrier,
Norwegian Elkhound,
Australian Shepherd/Nova Scotia Duck Tolling Retriever,
Eng Toy Spaniel,
Pekingese/Tibetan Terrier,
Dutch Shepherd/German Shepherd,
West Highland/Maltese,
English Bulldog/Australian Cattle Dog,
Australian Cattle Dog/Vizsla,
German Shepherd/Harrier,
Queensland Heeler/Border Collie,
Pointer/Plott Hound,
Belgian Hare,
Shih Tzu/Dachshund Longhair,
Jack Russell Terrier/Brittany,
Golden Retriever/Whippet,
Australian Shepherd/Alaskan Husky,
Alaskan Malamute/Australian Kelpie,
Vizsla/German Shepherd,
Miniature Pinscher/Australian Kelpie,
Vizsla/Great Pyrenees,
Cocker Spaniel/Chow Chow,
Sealyham Terr,
Jack Russell Terrier/Cardigan Welsh Corgi,
Vizsla/Staffordshire,
Wirehaired Vizsla,
Miniature Schnauzer/Standard Poodle,
Bull Terrier/Labrador Retriever,
Finnish Spitz/German Shepherd,
Whippet/Borzoi,
Queensland Heeler/Shetland Sheepdog,
Blue Lacy/Australian Cattle Dog,
German Shepherd/Carolina Dog,
Cocker Spaniel/Toy Poodle,
Redbone Hound/German Shepherd,
Shetland Sheepdog/Basenji,
West Highland/Lhasa Apso,
Domestic Shorthair/British Shorthair,
Great Dane/Australian Shepherd,
Angora/Persian,
Rottweiler/Great Pyrenees,
Feist/Labrador Retriever,
Basset Hound/Cairn Terrier,
Chow Chow/Border Collie,
Papillon/Shih Tzu,
Italian Greyhound/Beagle,
Smooth Fox Terrier/French Bulldog,
Pug/Chihuahua Longhair,
Miniature Pinscher/Australian Cattle Dog,
Pekingese/Chihuahua Shorthair,
Akita/Mastiff,
Song Bird,
Norwich Terrier/Chihuahua Longhair,
Plott Hound/Carolina Dog,
Alaskan Husky/Miniature Pinscher,
Soft Coated Wheaten Terrier/Dandie Dinmont,
Boykin Span/Dachshund,
Cocker Spaniel/Shetland Sheepdog,
Collie Smooth/Jack Russell Terrier,
Boxer/Basset Hound,
Great Dane/Blue Lacy,
Pekingese/Boston Terrier,
Bernese Mountain Dog/Rottweiler,
Chihuahua Longhair/Border Terrier,
Chihuahua Shorthair/Australian Shepherd,
German Shepherd/Smooth Fox Terrier,
Greyhound/Boxer,
Australian Shepherd/Greyhound,
Redbone Hound/Redbone Hound,
German Shorthair Pointer/Border Collie,
Brittany/Collie Rough,
Pekingese/Maltese,
Pharaoh Hound/Australian Cattle Dog,
Black Mouth Cur/American Staffordshire Terrier,
Boxer/Great Pyrenees,
Labrador Retriever/Basenji,
Dachshund/Pembroke Welsh Corgi,
Shih Tzu/Cocker Spaniel,
Dachshund/Italian Greyhound,
Leonberger/German Shepherd,
Bull Terrier/Australian Cattle Dog,
Australian Cattle Dog/Bernese Mountain Dog,
Cardigan Welsh Corgi/English Setter,
Scottish Terrier/Standard Schnauzer,
Goat,
Labrador Retriever/St. Bernard Smooth Coat,
Lhasa Apso/Border Terrier,
Golden Retriever/Chinese Sharpei,
Whippet/Catahoula,
Vulture,
Collie Rough/Keeshond,
American Curl Shorthair/Siamese,
Miniature Schnauzer/Scottish Terrier,
English Springer Spaniel/Pointer,
Pembroke Welsh Corgi/Golden Retriever,
Bull Terrier/Black Mouth Cur,
New Zealand Wht/Lop-Holland,
Siberian Husky/Beagle,
Rhod Ridgeback/Australian Cattle Dog,
Border Collie/Great Dane,
Pointer/Rhod Ridgeback,
Bichon Frise/Pekingese,
Dutch/Rabbit Sh,
Papillon/American Eskimo,
Doberman Pinsch/Vizsla,
Chihuahua Shorthair/Staffordshire,
Beagle/Chihuahua Longhair,
Irish Terrier/Norfolk Terrier,
German Shepherd/Border Terrier,
Catahoula/Rottweiler,
Bluetick Hound/Australian Cattle Dog,
Japanese Chin,
Collie Smooth/Australian Kelpie,
American Pit Bull Terrier/Pointer,
Cardigan Welsh Corgi/Chihuahua Longhair,
Belgian Tervuren/German Shepherd,
Plott Hound/Black/Tan Hound,
Cardigan Welsh Corgi/Rat Terrier,
Chihuahua Longhair/Italian Greyhound,
Labrador Retriever/Carolina Dog,
Swiss Hound/Pit Bull,
Rottweiler/English Bulldog,
Jack Russell Terrier/Basset Hound,
Ragdoll/Snowshoe,
Miniature Poodle/Australian Shepherd,
Black/Tan Hound/Catahoula,
Pomeranian/Schipperke,
Catahoula/Treeing Walker Coonhound,
Pit Bull/German Shorthair Pointer,
Great Dane/Staffordshire,
Australian Cattle Dog/Landseer,
Australian Shepherd/Standard Poodle,
Hovawart/Flat Coat Retriever,
German Shepherd/Mexican Hairless,
Border Collie/Mastiff,
Shih Tzu/Australian Shepherd,
Vizsla/Boxer,
Dutch Shepherd/Mastiff,
Rex-Mini,
Shih Tzu/Bruss Griffon,
Belgian Malinois/Australian Shepherd,
Dogo Argentino/Boxer,
Yorkshire Terrier/Dachshund,
Australian Cattle Dog/Norfolk Terrier,
Dalmatian/Boxer,
Boxer/Italian Greyhound,
Bluetick Hound/Australian Kelpie,
Lhasa Apso/Pekingese,
Beagle/Staffordshire,
German Shepherd/Weimaraner,
Blue Lacy/Black Mouth Cur,
Norwich Terrier/Australian Cattle Dog,
Australian Cattle Dog/Golden Retriever,
Cardigan Welsh Corgi/Bull Terrier,
Wren,
Chow Chow/Anatol Shepherd,
Maltese/Cairn Terrier,
Boerboel,
Rat Terrier/Border Collie,
Collie Rough/Australian Shepherd,
Australian Shepherd/Feist,
Alaskan Husky/Collie Rough,
Catahoula/Black/Tan Hound,
Norfolk Terrier/Lhasa Apso,
Silkie,
Flat Coat Retriever/Border Collie,
Plott Hound/Dutch Shepherd,
Catbird,
Catahoula/American Staffordshire Terrier,
Papillon/Border Collie,
Labrador Retriever/Akita,
Cinnamon,
Whimbrel,
Australian Shepherd/Dalmatian,
Rat Terrier/Smooth Fox Terrier,
Chihuahua Longhair/Pembroke Welsh Corgi,
Beagle/Manchester Terrier,
Miniature,
Oriental Sh,
Rat Terrier/Pug,
Dachshund/Chinese Crested,
American Eskimo/Alaskan Husky,
Dachshund Stan,
French Bulldog/Miniature Schnauzer,
Papillon/Australian Cattle Dog,
Beagle/American Foxhound,
Collie Smooth/Miniature Poodle,
Otter,
Dalmatian/Basset Hound,
Rottweiler/Great Dane,
Blue Lacy/Staffordshire,
Lowchen/Miniature Poodle,
Dutch Shepherd/Anatol Shepherd,
Black Mouth Cur/Belgian Malinois,
Great Pyrenees/Collie Rough,
Newfoundland/Queensland Heeler,
Doberman Pinsch/Border Collie,
Labrador Retriever/Bluetick Hound,
Bouv Flandres/Otterhound,
Alaskan Malamute/Siberian Husky,
Beagle/German Shorthair Pointer,
Curly Coat Retriever,
Domestic Shorthair/Abyssinian,
Schipperke/Catahoula,
Miniature Pinscher/Maltese,
German Shorthair Pointer/Catahoula,
Black Mouth Cur/Beagle,
Snake/Snake,
Bull Terrier Miniature/Chihuahua Shorthair,
German Pinscher,
Catahoula/Irish Wolfhound,
Carolina Dog/Collie Smooth,
Boxer/Doberman Pinsch,
Cocker Spaniel/Basset Hound,
German Shepherd/Bull Terrier,
Whippet/Miniature Pinscher,
Australian Kelpie/Alaskan Husky,
Maltese/Cocker Spaniel,
Jack Russell Terrier/American Staffordshire Terrier,
Norfolk Terrier/Dachshund,
Rhod Ridgeback/Pointer,
Rat Terrier/Whippet,
German Shepherd/English Coonhound,
Greyhound/Border Terrier,
Border Terrier/Shih Tzu,
English Foxhound/Labrador Retriever,
English Foxhound/Pointer,
Pit Bull/Australian Kelpie,
Anatol Shepherd/Belgian Malinois,
Border Collie/Flat Coat Retriever,
Prairie Dog,
Siberian Husky/Chow Chow,
Cairn Terrier/Cairn Terrier,
Border Terrier/Dachshund Longhair,
Belgian Hare,
Beagle/Pekingese,
Havana Brown,
Dutch Shepherd/Boxer,
German Shepherd/Finnish Spitz,
American Staffordshire Terrier/Australian Cattle Dog,
Rhod Ridgeback/Harrier,
Cavalier Span/Jack Russell Terrier,
Rhod Ridgeback/Chow Chow,
Miniature Schnauzer/Pug,
Belgian Malinois/Siberian Husky,
Boston Terrier/Pembroke Welsh Corgi,
Welsh Terrier/Wire Hair Fox Terrier,
Patterdale Terr/Chihuahua Shorthair,
Pit Bull/Jindo,
Harrier/Great Dane,
Whippet/Pit Bull,
Border Collie/Canaan Dog,
Shih Tzu/Pekingese,
Parson Russell Terrier/Labrador Retriever,
Australian Shepherd/Basset Hound,
Chihuahua Shorthair/American Staffordshire Terrier,
American Pit Bull Terrier/Dachshund,
Bull Terrier/Jack Russell Terrier,
Cockatoo,
Belgian Malinois/Belgian Tervuren,
Pomeranian/Cocker Spaniel,
Rex-Mini/Lop-English,
Chinese Sharpei/Anatol Shepherd,
Boxer/Australian Kelpie,
Standard Schnauzer/Scottish Terrier,
Pit Bull/American Foxhound,
Chow Chow/Pomeranian,
Scottish Terrier/Dachshund,
Anatol Shepherd/Collie Rough,
Dachshund/Pbgv,
Great Pyrenees/Queensland Heeler,
Dachshund/Chinese Sharpei,
Border Terrier/Cardigan Welsh Corgi,
Siberian Husky/Rottweiler,
Boxer/Collie Smooth,
Chow Chow/American Eskimo,
American Eskimo/Australian Shepherd,
Alaskan Husky/Keeshond,
Irish Wolfhound/Australian Shepherd,
Black,
Muscovy,
Golden Retriever/Catahoula,
Pit Bull/Italian Greyhound,
Staffordshire/Border Collie,
Manx/Siamese,
Wire Hair Fox Terrier/Standard Schnauzer,
Norfolk Terrier/Bruss Griffon,
Norwich Terrier/Border Terrier,
English Pointer/Labrador Retriever,
American Staffordshire Terrier/Jack Russell Terrier,
Chihuahua Longhair/Silky Terrier,
Rhod Ridgeback/Redbone Hound,
English Foxhound/Smooth Fox Terrier,
Chinese Sharpei/Bull Terrier,
Dachshund/Swedish Vallhund,
Border Collie/Doberman Pinsch,
Nova Scotia Duck Tolling Retriever/Border Collie,
Cocker Spaniel/German Shepherd,
Doberman Pinsch/Rottweiler,
Shiba Inu/Chow Chow,
Siberian Husky/American Pit Bull Terrier,
Rat Terrier/Dalmatian,
Pug/Schipperke,
Chinese Sharpei/Basset Hound,
Norfolk Terrier/Pug,
Pembroke Welsh Corgi/Australian Kelpie,
Pointer/Great Pyrenees,
Lhasa Apso/Yorkshire Terrier,
Bobcat,
Staffordshire/American Pit Bull Terrier,
Basset Hound/English Cocker Spaniel,
American Bulldog/Dalmatian,
Chihuahua Shorthair/Toy Poodle,
Catbird,
Domestic Shorthair/Domestic Medium Hair,
Catahoula/Mastiff,
Entlebucher/Basset Hound,
English Coonhound/Pit Bull,
Papillon/Dachshund,
American Staffordshire Terrier/Rottweiler,
Maltese/Dalmatian,
Australian Shepherd/English Setter,
Dachshund Wirehair/Manchester Terrier,
Lovebird,
Old English Sheepdog/Miniature Poodle,
Blue Lacy/Cardigan Welsh Corgi,
Cairn Terrier/Papillon,
Exotic Shorthair,
Whippet/Whippet,
Scottish Fold/Domestic Shorthair,
Papillon/Pomeranian,
Norfolk Terrier/Border Terrier,
Australian Terrier/Dachshund,
Neapolitan Mastiff/Pit Bull,
Cairn Terrier/Affenpinscher,
Chinchilla-Amer,
Border Collie/Basset Hound,
Standard Poodle/Jack Russell Terrier,
Australian Terrier/Standard Schnauzer,
Border Collie/American Staffordshire Terrier,
Staffordshire/Mastiff,
Cardigan Welsh Corgi/Miniature Schnauzer,
Finnish Spitz/Dachshund,
Chow Chow/Rottweiler,
Pointer/Alaskan Husky,
Manchester Terrier/Toy Fox Terrier,
Labrador Retriever/Spanish Water Dog,
Leghorn,
Frog,
Rat Terrier/Basset Hound,
Rhod Ridgeback/Mastiff,
American Staffordshire Terrier/Plott Hound,
Harrier/Anatol Shepherd,
Miniature Poodle/American Eskimo,
German Shepherd/Dachshund,
Anatol Shepherd/Australian Shepherd,
Pomeranian/Beagle,
Swiss Hound,
Shih Tzu/Standard Poodle,
Sheep,
Redbone Hound/Anatol Shepherd,
Chihuahua Shorthair/Chinese Sharpei,
Flat Coat Retriever/Chow Chow,
Rottweiler/English Coonhound,
Australian Kelpie/Chihuahua Shorthair,
German Shepherd/Beauceron,
Pointer/Smooth Fox Terrier,
Pit Bull/Doberman Pinsch,
Domestic Longhair/Maine Coon,
Rat Terrier/Queensland Heeler,
Vizsla/Rhod Ridgeback,
Schnauzer Giant/Labrador Retriever,
Pembroke Welsh Corgi/Pekingese,
Pembroke Welsh Corgi/Collie Smooth,
Toy Fox Terrier/Yorkshire Terrier,
Flat Coat Retriever/Australian Cattle Dog,
Welsh Terrier/Miniature Poodle,
Pointer/American Staffordshire Terrier,
Jindo/Shiba Inu,
Treeing Walker Coonhound/Plott Hound,
Pembroke Welsh Corgi/Chinese Sharpei,
Dachshund Longhair/Standard Schnauzer,
Great Dane/Doberman Pinsch,
Basset Hound/Golden Retriever,
Anatol Shepherd/Basset Hound,
Bernese Mountain Dog/Great Pyrenees,
American Bulldog/Chinese Sharpei,
Pointer/English Coonhound,
Domestic Longhair/Russian Blue,
Dogo Argentino/Chinese Sharpei,
Catahoula/Queensland Heeler,
Lhasa Apso/Standard Poodle,
Dachshund Wirehair/Bruss Griffon,
Miniature Schnauzer/Beagle,
Great Dane/Cane Corso,
Brittany/Australian Shepherd,
Curly Coat Retriever,
Tosa,
Toy Poodle/Standard Schnauzer,
Leghorn,
Pit Bull/Neapolitan Mastiff,
Pit Bull/Golden Retriever,
Goose,
Australian Cattle Dog/Blue Lacy,
Kangal,
German Shorthair Pointer/English Shepherd,
German Wirehaired Pointer/German Wirehaired Pointer,
Black Mouth Cur/Black Mouth Cur,
Goat/Pygmy,
Ibizan Hound/Australian Cattle Dog,
Dachshund Longhair/Labrador Retriever,
Jack Russell Terrier/Wire Hair Fox Terrier,
Pelican,
Tropical,
Kangal/Great Pyrenees,
Great Pyrenees/Akbash,
Belgian Tervuren,
Bull Terrier/Bulldog,
English Cocker Spaniel/Pembroke Welsh Corgi,
Samoyed/Siberian Husky,
In [40]:,